ISO,Countries and areas,UN Regions,World Bank Income Groups,Survey Years,Year*,National,Male,Female
,,,,,,Point Estimate,Point Estimate,Point Estimate
ISO3Code,CountryName,UNRegion,WB_Latest,DataSourceYears,CMRS_year, National_r , male_r , female_r 
AFG,Afghanistan,Asia,Low Income,1997,1997,53.2,,
AFG,Afghanistan,Asia,Low Income,2004,2004,59.3,60.0,58.5
AFG,Afghanistan,Asia,Low Income,2013,2013,40.4,41.3,39.5
AFG,Afghanistan,Asia,Low Income,2018,2018,38.2,38.3,38.1
ALB,Albania,Europe,Upper Middle Income,2005,2005,26.7,29.1,23.8
ALB,Albania,Europe,Upper Middle Income,2008-09,2009,23.2,22.7,23.6
ALB,Albania,Europe,Upper Middle Income,2017-18,2017,11.3,11.6,11.0
DZA,Algeria,Africa,Lower Middle Income,1987,1987,16.9,,
DZA,Algeria,Africa,Lower Middle Income,1992,1992,22.9,23.1,22.7
DZA,Algeria,Africa,Lower Middle Income,1995,1995,22.6,23.0,22.1
DZA,Algeria,Africa,Lower Middle Income,2000,2000,23.6,24.9,22.2
DZA,Algeria,Africa,Lower Middle Income,2002,2002,24.0,25.9,22.2
DZA,Algeria,Africa,Lower Middle Income,2006,2006,15.4,16.6,14.2
DZA,Algeria,Africa,Lower Middle Income,2012-13,2012,11.7,12.6,10.7
DZA,Algeria,Africa,Lower Middle Income,2018-19,2019,9.8,11.6,7.9
AGO,Angola,Africa,Lower Middle Income,1996,1996,61.1,62.9,59.3
AGO,Angola,Africa,Lower Middle Income,2007,2007,29.2,32.4,26.1
AGO,Angola,Africa,Lower Middle Income,2015-16,2015,37.6,41.0,34.1
ARG,Argentina,Latin America and the Caribbean,Upper Middle Income,1994,1994,7.1,,
ARG,Argentina,Latin America and the Caribbean,Upper Middle Income,1995-96,1996,16.9,,
ARG,Argentina,Latin America and the Caribbean,Upper Middle Income,2004-05,2005,7.2,7.1,7.3
ARG,Argentina,Latin America and the Caribbean,Upper Middle Income,2018-19,2018,8.7,9.7,7.6
ARM,Armenia,Asia,Upper Middle Income,1998,1998,15.1,14.5,15.9
ARM,Armenia,Asia,Upper Middle Income,2000,2000,17.3,17.7,16.9
ARM,Armenia,Asia,Upper Middle Income,2005,2005,17.9,18.3,17.4
ARM,Armenia,Asia,Upper Middle Income,2010,2010,20.9,21.7,20.0
ARM,Armenia,Asia,Upper Middle Income,2015-16,2016,9.4,10.9,7.8
AUS,Australia,Oceania,High Income,1995-96,1995,0.0,,
AUS,Australia,Oceania,High Income,2007,2007,1.9,2.0,1.8
AZE,Azerbaijan,Asia,Upper Middle Income,1996,1996,28.0,,
AZE,Azerbaijan,Asia,Upper Middle Income,2000,2000,24.2,24.4,23.8
AZE,Azerbaijan,Asia,Upper Middle Income,2001,2001,18.0,,
AZE,Azerbaijan,Asia,Upper Middle Income,2006,2006,26.5,28.3,24.6
AZE,Azerbaijan,Asia,Upper Middle Income,2011,2011,16.4,17.1,15.5
AZE,Azerbaijan,Asia,Upper Middle Income,2013,2013,17.8,18.0,17.5
BHR,Bahrain,Asia,High Income,1989,1989,13.9,,
BHR,Bahrain,Asia,High Income,1995,1995,13.6,,
BGD,Bangladesh,Asia,Lower Middle Income,1985-86,1986,70.9,,
BGD,Bangladesh,Asia,Lower Middle Income,1989-90,1990,63.4,,
BGD,Bangladesh,Asia,Lower Middle Income,1991,1991,73.6,,
BGD,Bangladesh,Asia,Lower Middle Income,1992,1992,71.5,,
BGD,Bangladesh,Asia,Lower Middle Income,1993,1993,69.2,,
BGD,Bangladesh,Asia,Lower Middle Income,1994,1994,67.3,,
BGD,Bangladesh,Asia,Lower Middle Income,1995,1995,65.8,,
BGD,Bangladesh,Asia,Lower Middle Income,1996,1996,63.8,,
BGD,Bangladesh,Asia,Lower Middle Income,1996-97,1997,59.6,60.1,59.0
BGD,Bangladesh,Asia,Lower Middle Income,1998,1998,59.3,,
BGD,Bangladesh,Asia,Lower Middle Income,1999,1999,59.9,,
BGD,Bangladesh,Asia,Lower Middle Income,1999-00,2000,51.1,51.4,50.9
BGD,Bangladesh,Asia,Lower Middle Income,2001,2001,53.2,,
BGD,Bangladesh,Asia,Lower Middle Income,2002,2002,51.4,,
BGD,Bangladesh,Asia,Lower Middle Income,2003,2003,47.8,,
BGD,Bangladesh,Asia,Lower Middle Income,2004,2004,50.5,51.2,49.7
BGD,Bangladesh,Asia,Lower Middle Income,2005,2005,45.9,,
BGD,Bangladesh,Asia,Lower Middle Income,2005,2005,46.2,47.1,45.3
BGD,Bangladesh,Asia,Lower Middle Income,2006,2006,45.1,,
BGD,Bangladesh,Asia,Lower Middle Income,2007,2007,43.2,43.7,42.7
BGD,Bangladesh,Asia,Lower Middle Income,2011,2011,41.3,40.6,42.0
BGD,Bangladesh,Asia,Lower Middle Income,2011-12,2011,44.9,,
BGD,Bangladesh,Asia,Lower Middle Income,2012,2012,41.2,40.5,42.0
BGD,Bangladesh,Asia,Lower Middle Income,2012-13,2013,42.0,42.4,41.6
BGD,Bangladesh,Asia,Lower Middle Income,2013,2013,38.7,39.6,37.8
BGD,Bangladesh,Asia,Lower Middle Income,2014,2014,36.2,36.8,35.5
BGD,Bangladesh,Asia,Lower Middle Income,2015,2015,32.7,,
BGD,Bangladesh,Asia,Lower Middle Income,2017-18,2018,30.9,30.8,30.9
BGD,Bangladesh,Asia,Lower Middle Income,2018-19,2019,26.2,,
BGD,Bangladesh,Asia,Lower Middle Income,2019,2019,28.0,28.0,27.9
BRB,Barbados,Latin America and the Caribbean,High Income,2012,2012,7.7,8.9,6.4
BLR,Belarus,Europe,Upper Middle Income,2005,2005,4.5,4.7,4.2
BEL,Belgium,Europe,High Income,2014-15,2014,1.6,0.0,3.1
BLZ,Belize,Latin America and the Caribbean,Upper Middle Income,2006,2006,22.0,24.0,20.2
BLZ,Belize,Latin America and the Caribbean,Upper Middle Income,2011,2011,19.3,18.6,20.0
BLZ,Belize,Latin America and the Caribbean,Upper Middle Income,2015-16,2015,15.0,16.2,13.7
BEN,Benin,Africa,Lower Middle Income,1996,1996,32.4,37.3,27.3
BEN,Benin,Africa,Lower Middle Income,2001,2001,36.2,38.0,34.3
BEN,Benin,Africa,Lower Middle Income,2008,2008,37.4,40.8,33.7
BEN,Benin,Africa,Lower Middle Income,2014,2014,34.0,35.8,32.4
BEN,Benin,Africa,Lower Middle Income,2017-18,2018,32.2,35.1,29.1
BTN,Bhutan,Asia,Lower Middle Income,1986-88,1987,60.9,,
BTN,Bhutan,Asia,Lower Middle Income,1999,1999,47.7,52.1,43.4
BTN,Bhutan,Asia,Lower Middle Income,2008,2008,34.9,37.8,31.7
BTN,Bhutan,Asia,Lower Middle Income,2010,2010,33.5,33.4,33.6
BOL,Bolivia (Plurinational State of),Latin America and the Caribbean,Lower Middle Income,1989,1989,41.9,45.7,38.1
BOL,Bolivia (Plurinational State of),Latin America and the Caribbean,Lower Middle Income,1993-94,1994,34.4,36.6,32.1
BOL,Bolivia (Plurinational State of),Latin America and the Caribbean,Lower Middle Income,1998,1998,33.2,34.4,32.0
BOL,Bolivia (Plurinational State of),Latin America and the Caribbean,Lower Middle Income,2003-04,2003,32.4,33.4,31.4
BOL,Bolivia (Plurinational State of),Latin America and the Caribbean,Lower Middle Income,2008,2008,27.1,28.0,26.2
BOL,Bolivia (Plurinational State of),Latin America and the Caribbean,Lower Middle Income,2012,2012,18.2,20.1,16.3
BOL,Bolivia (Plurinational State of),Latin America and the Caribbean,Lower Middle Income,2016,2016,16.1,16.1,16.1
BIH,Bosnia and Herzegovina,Europe,Upper Middle Income,2000,2000,12.1,13.2,11.0
BIH,Bosnia and Herzegovina,Europe,Upper Middle Income,2006,2006,11.8,12.8,10.7
BIH,Bosnia and Herzegovina,Europe,Upper Middle Income,2011-12,2012,8.9,8.9,8.9
BWA,Botswana,Africa,Upper Middle Income,1996,1996,35.1,,
BWA,Botswana,Africa,Upper Middle Income,2000,2000,29.1,31.6,26.7
BWA,Botswana,Africa,Upper Middle Income,2007-08,2007,28.9,31.6,26.3
BRA,Brazil,Latin America and the Caribbean,Upper Middle Income,1989,1989,19.8,21.1,18.5
BRA,Brazil,Latin America and the Caribbean,Upper Middle Income,1996,1996,13.0,14.8,11.1
BRA,Brazil,Latin America and the Caribbean,Upper Middle Income,2006-07,2007,7.0,8.0,5.8
BRA,Brazil,Latin America and the Caribbean,Upper Middle Income,2019,2019,7.2,8.1,6.3
BRN,Brunei Darussalam,Asia,High Income,2009,2009,19.7,22.8,16.7
BGR,Bulgaria,Europe,Upper Middle Income,2004,2004,8.8,5.3,12.0
BGR,Bulgaria,Europe,Upper Middle Income,2007,2007,9.2,9.1,9.2
BGR,Bulgaria,Europe,Upper Middle Income,2014,2014,7.0,9.5,4.1
BFA,Burkina Faso,Africa,Low Income,1992-93,1993,38.7,40.9,36.4
BFA,Burkina Faso,Africa,Low Income,1998-99,1999,41.4,43.8,38.8
BFA,Burkina Faso,Africa,Low Income,2009,2009,35.1,37.9,32.0
BFA,Burkina Faso,Africa,Low Income,2010,2010,34.9,38.7,31.1
BFA,Burkina Faso,Africa,Low Income,2010,2010,34.7,36.8,32.5
BFA,Burkina Faso,Africa,Low Income,2011,2011,34.6,38.2,30.8
BFA,Burkina Faso,Africa,Low Income,2012,2012,32.8,36.7,28.7
BFA,Burkina Faso,Africa,Low Income,2013,2013,31.3,33.8,28.7
BFA,Burkina Faso,Africa,Low Income,2014,2014,29.0,31.8,26.1
BFA,Burkina Faso,Africa,Low Income,2015,2015,30.1,33.5,26.5
BFA,Burkina Faso,Africa,Low Income,2016,2016,26.8,30.3,23.0
BFA,Burkina Faso,Africa,Low Income,2017,2017,21.1,22.7,19.4
BFA,Burkina Faso,Africa,Low Income,2018,2018,24.9,27.7,22.0
BFA,Burkina Faso,Africa,Low Income,2019,2019,23.8,26.1,21.3
BFA,Burkina Faso,Africa,Low Income,2020,2020,19.6,21.6,17.4
BFA,Burkina Faso,Africa,Low Income,2021,2021,22.6,25.3,19.8
BFA,Burkina Faso,Africa,Low Income,2021,2021,21.6,,
BDI,Burundi,Africa,Low Income,1987,1987,52.3,54.8,49.8
BDI,Burundi,Africa,Low Income,2000,2000,64.0,66.8,61.3
BDI,Burundi,Africa,Low Income,2005,2005,57.7,,
BDI,Burundi,Africa,Low Income,2010-11,2010,57.6,61.8,53.2
BDI,Burundi,Africa,Low Income,2016-17,2016,55.9,59.4,52.4
BDI,Burundi,Africa,Low Income,2018,2018,56.6,60.2,53.1
BDI,Burundi,Africa,Low Income,2018-19,2019,54.0,57.5,50.7
BDI,Burundi,Africa,Low Income,2020,2020,50.9,54.3,47.5
BDI,Burundi,Africa,Low Income,2022,2022,55.8,59.7,51.9
CPV,Cabo Verde,Africa,Lower Middle Income,1985,1985,26.8,,
CPV,Cabo Verde,Africa,Lower Middle Income,1994,1994,21.4,,
KHM,Cambodia,Asia,Lower Middle Income,1996,1996,58.6,61.1,56.1
KHM,Cambodia,Asia,Lower Middle Income,2000,2000,49.0,49.4,48.5
KHM,Cambodia,Asia,Lower Middle Income,2005-06,2005,42.8,45.6,40.1
KHM,Cambodia,Asia,Lower Middle Income,2008,2008,39.5,41.5,37.4
KHM,Cambodia,Asia,Lower Middle Income,2010-11,2010,39.8,41.5,38.1
KHM,Cambodia,Asia,Lower Middle Income,2014,2014,32.4,33.0,31.9
KHM,Cambodia,Asia,Lower Middle Income,2021-22,2021,21.9,24.5,19.2
CMR,Cameroon,Africa,Lower Middle Income,1991,1991,31.6,34.0,29.1
CMR,Cameroon,Africa,Lower Middle Income,1998,1998,36.6,40.3,32.9
CMR,Cameroon,Africa,Lower Middle Income,2004,2004,35.6,36.9,34.3
CMR,Cameroon,Africa,Lower Middle Income,2006,2006,37.6,40.7,34.5
CMR,Cameroon,Africa,Lower Middle Income,2011,2011,32.6,35.1,30.2
CMR,Cameroon,Africa,Lower Middle Income,2014,2014,31.7,33.5,29.8
CMR,Cameroon,Africa,Lower Middle Income,2018-19,2018,28.9,31.2,26.6
CAF,Central African Republic,Africa,Low Income,1994-95,1994,39.5,42.6,36.4
CAF,Central African Republic,Africa,Low Income,2000,2000,44.4,46.4,42.3
CAF,Central African Republic,Africa,Low Income,2006,2006,43.6,46.6,40.5
CAF,Central African Republic,Africa,Low Income,2010-11,2010,40.7,43.6,37.9
CAF,Central African Republic,Africa,Low Income,2012,2012,39.7,41.8,37.6
CAF,Central African Republic,Africa,Low Income,2014,2014,38.0,41.2,34.5
CAF,Central African Republic,Africa,Low Income,2018,2018,37.5,41.4,33.5
CAF,Central African Republic,Africa,Low Income,2018-19,2019,39.8,42.8,36.9
CAF,Central African Republic,Africa,Low Income,2019,2019,40.2,43.0,37.4
TCD,Chad,Africa,Low Income,1996-97,1997,44.5,46.4,42.7
TCD,Chad,Africa,Low Income,2000,2000,38.9,40.9,37.0
TCD,Chad,Africa,Low Income,2004,2004,44.4,45.0,43.7
TCD,Chad,Africa,Low Income,2010,2010,38.7,40.3,37.1
TCD,Chad,Africa,Low Income,2014-15,2015,39.8,40.9,38.6
TCD,Chad,Africa,Low Income,2017,2017,32.1,35.3,28.9
TCD,Chad,Africa,Low Income,2018,2018,31.9,34.7,29.1
TCD,Chad,Africa,Low Income,2019,2019,32.5,34.0,30.8
TCD,Chad,Africa,Low Income,2019,2019,37.8,39.8,35.7
TCD,Chad,Africa,Low Income,2020,2020,30.5,32.6,28.1
TCD,Chad,Africa,Low Income,2021,2021,31.1,34.6,27.5
TCD,Chad,Africa,Low Income,2022,2022,28.0,31.6,24.3
CHL,Chile,Latin America and the Caribbean,High Income,1986,1986,13.5,,
CHL,Chile,Latin America and the Caribbean,High Income,1994,1994,4.2,,
CHL,Chile,Latin America and the Caribbean,High Income,1995,1995,3.9,,
CHL,Chile,Latin America and the Caribbean,High Income,1996,1996,3.7,,
CHL,Chile,Latin America and the Caribbean,High Income,1998,1998,3.3,,
CHL,Chile,Latin America and the Caribbean,High Income,1999,1999,3.1,,
CHL,Chile,Latin America and the Caribbean,High Income,2001,2001,2.8,,
CHL,Chile,Latin America and the Caribbean,High Income,2002,2002,2.5,,
CHL,Chile,Latin America and the Caribbean,High Income,2003,2003,2.5,,
CHL,Chile,Latin America and the Caribbean,High Income,2004,2004,2.4,,
CHL,Chile,Latin America and the Caribbean,High Income,2006,2006,2.2,,
CHL,Chile,Latin America and the Caribbean,High Income,2007,2007,2.1,,
CHL,Chile,Latin America and the Caribbean,High Income,2008,2008,2.0,2.2,1.8
CHL,Chile,Latin America and the Caribbean,High Income,2013,2013,1.8,2.0,1.6
CHL,Chile,Latin America and the Caribbean,High Income,2014,2014,1.8,2.1,1.6
CHN,China,Asia,Upper Middle Income,1987,1987,38.3,,
CHN,China,Asia,Upper Middle Income,1990,1990,32.3,31.4,33.3
CHN,China,Asia,Upper Middle Income,1992,1992,38.0,38.8,37.1
CHN,China,Asia,Upper Middle Income,1995,1995,31.2,32.0,30.3
CHN,China,Asia,Upper Middle Income,1998,1998,19.8,20.2,19.3
CHN,China,Asia,Upper Middle Income,2000,2000,17.8,18.5,17.1
CHN,China,Asia,Upper Middle Income,2002,2002,21.8,22.7,20.8
CHN,China,Asia,Upper Middle Income,2005,2005,11.7,12.6,10.7
CHN,China,Asia,Upper Middle Income,2008,2008,9.8,,
CHN,China,Asia,Upper Middle Income,2009,2009,9.0,,
CHN,China,Asia,Upper Middle Income,2010,2010,9.4,9.9,8.9
CHN,China,Asia,Upper Middle Income,2013,2013,8.1,8.8,7.2
CHN,China,Asia,Upper Middle Income,2016-17,2017,4.8,,
COL,Colombia,Latin America and the Caribbean,Upper Middle Income,1986,1986,25.8,28.9,22.6
COL,Colombia,Latin America and the Caribbean,Upper Middle Income,1989,1989,21.8,,
COL,Colombia,Latin America and the Caribbean,Upper Middle Income,1995,1995,19.6,22.0,17.2
COL,Colombia,Latin America and the Caribbean,Upper Middle Income,2000,2000,18.2,19.1,17.2
COL,Colombia,Latin America and the Caribbean,Upper Middle Income,2004-05,2005,16.0,17.5,14.4
COL,Colombia,Latin America and the Caribbean,Upper Middle Income,2009-10,2010,12.6,13.7,11.4
COL,Colombia,Latin America and the Caribbean,Upper Middle Income,2015-16,2016,12.7,14.4,11.0
COM,Comoros,Africa,Lower Middle Income,1991-92,1992,38.5,,
COM,Comoros,Africa,Lower Middle Income,1996,1996,38.7,41.5,35.7
COM,Comoros,Africa,Lower Middle Income,2000,2000,46.9,46.5,47.4
COM,Comoros,Africa,Lower Middle Income,2012,2012,31.1,33.1,29.2
COG,Congo,Africa,Lower Middle Income,1987,1987,30.1,,
COG,Congo,Africa,Lower Middle Income,2005,2005,31.2,33.3,29.1
COG,Congo,Africa,Lower Middle Income,2011-12,2011,24.4,25.1,23.8
COG,Congo,Africa,Lower Middle Income,2014-15,2014,21.2,22.4,20.0
CRI,Costa Rica,Latin America and the Caribbean,Upper Middle Income,1996,1996,8.2,,
CRI,Costa Rica,Latin America and the Caribbean,Upper Middle Income,2008-09,2008,5.6,4.8,6.6
CRI,Costa Rica,Latin America and the Caribbean,Upper Middle Income,2018,2018,9.0,10.2,7.7
CUB,Cuba,Latin America and the Caribbean,Upper Middle Income,2000,2000,7.0,,
CUB,Cuba,Latin America and the Caribbean,Upper Middle Income,2019,2019,7.1,7.7,6.5
CZE,Czechia,Europe,High Income,1991,1991,3.1,,
CZE,Czechia,Europe,High Income,2001-02,2001,2.7,3.2,2.2
CIV,Cote d'Ivoire,Africa,Lower Middle Income,1985-87,1986,19.6,22.7,16.5
CIV,Cote d'Ivoire,Africa,Lower Middle Income,1994,1994,30.9,33.7,27.9
CIV,Cote d'Ivoire,Africa,Lower Middle Income,1998-99,1998,31.2,31.7,30.7
CIV,Cote d'Ivoire,Africa,Lower Middle Income,2007,2007,39.0,40.1,37.8
CIV,Cote d'Ivoire,Africa,Lower Middle Income,2011-12,2012,29.9,32.7,27.2
CIV,Cote d'Ivoire,Africa,Lower Middle Income,2016,2016,21.6,23.3,19.9
CIV,Cote d'Ivoire,Africa,Lower Middle Income,2021,2021,23.4,24.3,22.6
PRK,Democratic People's Republic of Korea,Asia,Low Income,1998,1998,63.9,,
PRK,Democratic People's Republic of Korea,Asia,Low Income,2000,2000,51.0,,
PRK,Democratic People's Republic of Korea,Asia,Low Income,2002,2002,44.7,47.3,41.8
PRK,Democratic People's Republic of Korea,Asia,Low Income,2004,2004,43.1,,
PRK,Democratic People's Republic of Korea,Asia,Low Income,2009,2009,32.4,32.4,32.4
PRK,Democratic People's Republic of Korea,Asia,Low Income,2012,2012,27.9,29.9,25.8
PRK,Democratic People's Republic of Korea,Asia,Low Income,2017,2017,19.1,18.4,19.9
COD,Democratic Republic of the Congo,Africa,Low Income,1995,1995,51.0,,
COD,Democratic Republic of the Congo,Africa,Low Income,2001,2001,44.4,47.5,41.3
COD,Democratic Republic of the Congo,Africa,Low Income,2007,2007,45.8,48.3,43.3
COD,Democratic Republic of the Congo,Africa,Low Income,2010,2010,43.4,47.3,39.5
COD,Democratic Republic of the Congo,Africa,Low Income,2013-14,2013,42.7,45.1,40.3
COD,Democratic Republic of the Congo,Africa,Low Income,2017-18,2017,41.8,45.6,38.2
DJI,Djibouti,Africa,Lower Middle Income,1989-90,1989,28.0,,
DJI,Djibouti,Africa,Lower Middle Income,1996,1996,31.7,,
DJI,Djibouti,Africa,Lower Middle Income,2010-11,2011,31.0,32.7,29.3
DJI,Djibouti,Africa,Lower Middle Income,2013,2013,28.0,28.0,28.0
DJI,Djibouti,Africa,Lower Middle Income,2019,2019,20.9,21.6,20.2
DOM,Dominican Republic,Latin America and the Caribbean,Upper Middle Income,1986,1986,22.3,26.8,18.0
DOM,Dominican Republic,Latin America and the Caribbean,Upper Middle Income,1991,1991,21.1,23.9,18.1
DOM,Dominican Republic,Latin America and the Caribbean,Upper Middle Income,1996,1996,13.5,15.7,11.2
DOM,Dominican Republic,Latin America and the Caribbean,Upper Middle Income,2000,2000,7.7,8.9,6.3
DOM,Dominican Republic,Latin America and the Caribbean,Upper Middle Income,2002,2002,11.6,13.2,10.1
DOM,Dominican Republic,Latin America and the Caribbean,Upper Middle Income,2006,2006,8.4,9.9,6.8
DOM,Dominican Republic,Latin America and the Caribbean,Upper Middle Income,2007,2007,10.1,10.9,9.1
DOM,Dominican Republic,Latin America and the Caribbean,Upper Middle Income,2013,2013,7.1,8.1,6.1
DOM,Dominican Republic,Latin America and the Caribbean,Upper Middle Income,2019,2019,6.7,7.5,5.9
ECU,Ecuador,Latin America and the Caribbean,Upper Middle Income,1986,1986,40.2,,
ECU,Ecuador,Latin America and the Caribbean,Upper Middle Income,1998-99,1999,27.9,28.8,26.7
ECU,Ecuador,Latin America and the Caribbean,Upper Middle Income,2004,2004,29.2,30.9,27.3
ECU,Ecuador,Latin America and the Caribbean,Upper Middle Income,2005-06,2006,25.9,27.7,24.0
ECU,Ecuador,Latin America and the Caribbean,Upper Middle Income,2012,2012,25.4,26.1,24.6
ECU,Ecuador,Latin America and the Caribbean,Upper Middle Income,2013-14,2014,23.9,25.9,21.8
ECU,Ecuador,Latin America and the Caribbean,Upper Middle Income,2018-19,2019,23.0,24.8,21.2
EGY,Egypt,Africa,Lower Middle Income,1988-89,1988,36.3,36.8,35.8
EGY,Egypt,Africa,Lower Middle Income,1991,1991,34.9,35.7,34.1
EGY,Egypt,Africa,Lower Middle Income,1992-93,1992,31.1,31.3,30.8
EGY,Egypt,Africa,Lower Middle Income,1995-96,1995,34.8,36.3,33.2
EGY,Egypt,Africa,Lower Middle Income,1997-98,1997,30.9,,
EGY,Egypt,Africa,Lower Middle Income,1998,1998,26.3,,
EGY,Egypt,Africa,Lower Middle Income,2000,2000,24.4,26.4,22.3
EGY,Egypt,Africa,Lower Middle Income,2003,2003,20.2,22.4,17.9
EGY,Egypt,Africa,Lower Middle Income,2005,2005,23.9,25.5,22.2
EGY,Egypt,Africa,Lower Middle Income,2008,2008,30.7,32.9,28.4
EGY,Egypt,Africa,Lower Middle Income,2014,2014,22.3,23.6,20.8
SLV,El Salvador,Latin America and the Caribbean,Lower Middle Income,1988,1988,36.7,39.5,33.8
SLV,El Salvador,Latin America and the Caribbean,Lower Middle Income,1993,1993,31.6,32.8,30.3
SLV,El Salvador,Latin America and the Caribbean,Lower Middle Income,1998,1998,32.3,33.3,31.2
SLV,El Salvador,Latin America and the Caribbean,Lower Middle Income,2002-03,2003,24.6,25.6,23.5
SLV,El Salvador,Latin America and the Caribbean,Lower Middle Income,2008,2008,20.8,21.6,19.9
SLV,El Salvador,Latin America and the Caribbean,Lower Middle Income,2014,2014,13.6,15.3,12.0
GNQ,Equatorial Guinea,Africa,Upper Middle Income,1997,1997,38.7,43.0,34.3
GNQ,Equatorial Guinea,Africa,Upper Middle Income,2000,2000,42.7,45.8,39.3
GNQ,Equatorial Guinea,Africa,Upper Middle Income,2004,2004,35.0,36.0,33.8
GNQ,Equatorial Guinea,Africa,Upper Middle Income,2011,2011,26.2,30.3,22.2
ERI,Eritrea,Africa,Low Income,1993,1993,69.6,,
ERI,Eritrea,Africa,Low Income,1995-96,1995,44.1,43.1,45.2
ERI,Eritrea,Africa,Low Income,2002,2002,43.0,44.6,41.3
ERI,Eritrea,Africa,Low Income,2010,2010,52.5,53.5,51.6
EST,Estonia,Europe,High Income,2013-15,2014,1.2,0.7,1.8
SWZ,Eswatini,Africa,Lower Middle Income,2000,2000,36.5,38.9,34.0
SWZ,Eswatini,Africa,Lower Middle Income,2006-07,2006,29.2,32.7,25.8
SWZ,Eswatini,Africa,Lower Middle Income,2008,2008,40.4,,
SWZ,Eswatini,Africa,Lower Middle Income,2010,2010,30.9,34.0,28.1
SWZ,Eswatini,Africa,Lower Middle Income,2014,2014,25.5,29.2,21.8
ETH,Ethiopia,Africa,Low Income,1992,1992,66.9,,
ETH,Ethiopia,Africa,Low Income,2000,2000,57.4,59.1,55.8
ETH,Ethiopia,Africa,Low Income,2005,2005,50.0,51.3,48.7
ETH,Ethiopia,Africa,Low Income,2010-11,2011,44.4,46.2,42.6
ETH,Ethiopia,Africa,Low Income,2014,2014,40.4,41.0,39.7
ETH,Ethiopia,Africa,Low Income,2016,2016,38.3,41.3,35.2
ETH,Ethiopia,Africa,Low Income,2019,2019,36.8,39.8,33.6
FJI,Fiji,Oceania,Upper Middle Income,1993,1993,4.3,,
FJI,Fiji,Oceania,Upper Middle Income,2004,2004,7.3,7.5,7.1
FJI,Fiji,Oceania,Upper Middle Income,2021,2021,7.2,8.0,6.3
GAB,Gabon,Africa,Upper Middle Income,2000-01,2000,25.9,28.4,23.3
GAB,Gabon,Africa,Upper Middle Income,2012,2012,17.0,19.2,14.7
GAB,Gabon,Africa,Upper Middle Income,2019-21,2020,14.4,15.7,13.0
GMB,Gambia,Africa,Low Income,1996,1996,36.1,,
GMB,Gambia,Africa,Low Income,2000,2000,24.1,26.0,22.1
GMB,Gambia,Africa,Low Income,2005-06,2006,27.7,28.6,26.7
GMB,Gambia,Africa,Low Income,2010,2010,23.4,25.5,21.3
GMB,Gambia,Africa,Low Income,2010-11,2010,25.1,26.7,23.5
GMB,Gambia,Africa,Low Income,2012,2012,21.1,23.6,18.6
GMB,Gambia,Africa,Low Income,2013,2013,24.6,25.9,23.1
GMB,Gambia,Africa,Low Income,2018,2018,19.0,21.6,16.3
GMB,Gambia,Africa,Low Income,2018,2018,13.6,14.5,12.6
GMB,Gambia,Africa,Low Income,2019-20,2020,17.5,18.5,16.4
GEO,Georgia,Asia,Upper Middle Income,1999,1999,16.1,,
GEO,Georgia,Asia,Upper Middle Income,2005,2005,14.6,15.5,13.5
GEO,Georgia,Asia,Upper Middle Income,2009,2009,11.8,13.0,10.3
GEO,Georgia,Asia,Upper Middle Income,2018,2018,5.8,5.1,6.4
DEU,Germany,Europe,High Income,2003-06,2004,1.2,1.1,1.2
DEU,Germany,Europe,High Income,2014-17,2016,1.3,0.4,2.2
GHA,Ghana,Africa,Lower Middle Income,1988,1988,35.2,36.7,33.6
GHA,Ghana,Africa,Lower Middle Income,1993-94,1993,32.8,36.2,29.3
GHA,Ghana,Africa,Lower Middle Income,1997,1997,34.7,37.3,32.2
GHA,Ghana,Africa,Lower Middle Income,1998-99,1998,30.6,33.7,27.7
GHA,Ghana,Africa,Lower Middle Income,2003,2003,35.5,38.4,32.6
GHA,Ghana,Africa,Lower Middle Income,2006,2006,27.9,29.7,26.0
GHA,Ghana,Africa,Lower Middle Income,2008,2008,28.4,30.1,26.6
GHA,Ghana,Africa,Lower Middle Income,2011,2011,22.8,25.3,20.3
GHA,Ghana,Africa,Lower Middle Income,2014,2014,18.8,20.4,17.0
GHA,Ghana,Africa,Lower Middle Income,2017-18,2017,17.5,19.5,15.6
GRC,Greece,Europe,High Income,2003-04,2003,1.5,1.0,1.9
GTM,Guatemala,Latin America and the Caribbean,Upper Middle Income,1987,1987,62.2,64.3,60.1
GTM,Guatemala,Latin America and the Caribbean,Upper Middle Income,1995,1995,55.4,56.8,54.0
GTM,Guatemala,Latin America and the Caribbean,Upper Middle Income,1998-99,1999,53.1,54.6,51.5
GTM,Guatemala,Latin America and the Caribbean,Upper Middle Income,2000,2000,51.0,51.1,51.0
GTM,Guatemala,Latin America and the Caribbean,Upper Middle Income,2002,2002,54.8,55.3,54.2
GTM,Guatemala,Latin America and the Caribbean,Upper Middle Income,2008-09,2009,51.5,51.5,51.6
GTM,Guatemala,Latin America and the Caribbean,Upper Middle Income,2015,2015,43.4,42.9,43.9
GTM,Guatemala,Latin America and the Caribbean,Upper Middle Income,2014-15,2015,46.7,47.3,46.1
GTM,Guatemala,Latin America and the Caribbean,Upper Middle Income,2021-22,2021,46.0,47.1,44.9
GIN,Guinea,Africa,Low Income,1994-95,1994,35.3,,
GIN,Guinea,Africa,Low Income,1999,1999,31.1,33.1,28.8
GIN,Guinea,Africa,Low Income,2005,2005,39.3,42.0,36.5
GIN,Guinea,Africa,Low Income,2007-08,2007,34.0,35.8,32.0
GIN,Guinea,Africa,Low Income,2011-12,2012,34.4,37.0,31.8
GIN,Guinea,Africa,Low Income,2012,2012,31.1,32.2,29.9
GIN,Guinea,Africa,Low Income,2016,2016,32.4,34.5,30.3
GIN,Guinea,Africa,Low Income,2018,2018,30.3,33.8,26.8
GNB,Guinea-Bissau,Africa,Low Income,2000,2000,33.8,36.1,31.6
GNB,Guinea-Bissau,Africa,Low Income,2010,2010,32.0,34.3,29.5
GNB,Guinea-Bissau,Africa,Low Income,2012,2012,26.4,29.4,23.5
GNB,Guinea-Bissau,Africa,Low Income,2014,2014,27.6,29.1,26.1
GNB,Guinea-Bissau,Africa,Low Income,2018-19,2019,27.7,29.7,25.6
GNB,Guinea-Bissau,Africa,Low Income,2019,2019,28.1,31.4,24.8
GUY,Guyana,Latin America and the Caribbean,Upper Middle Income,1993,1993,14.7,14.8,14.6
GUY,Guyana,Latin America and the Caribbean,Upper Middle Income,1996-97,1997,14.0,,
GUY,Guyana,Latin America and the Caribbean,Upper Middle Income,2000,2000,13.9,14.9,12.7
GUY,Guyana,Latin America and the Caribbean,Upper Middle Income,2006-07,2006,17.9,18.5,17.3
GUY,Guyana,Latin America and the Caribbean,Upper Middle Income,2009,2009,19.3,20.2,18.4
GUY,Guyana,Latin America and the Caribbean,Upper Middle Income,2014,2014,11.3,12.5,9.9
GUY,Guyana,Latin America and the Caribbean,Upper Middle Income,2019,2019,9.5,11.4,7.6
HTI,Haiti,Latin America and the Caribbean,Lower Middle Income,1990,1990,40.1,,
HTI,Haiti,Latin America and the Caribbean,Lower Middle Income,1994-95,1994,37.1,37.8,36.4
HTI,Haiti,Latin America and the Caribbean,Lower Middle Income,2000,2000,28.8,31.4,26.2
HTI,Haiti,Latin America and the Caribbean,Lower Middle Income,2005-06,2006,29.6,33.1,26.3
HTI,Haiti,Latin America and the Caribbean,Lower Middle Income,2012,2012,23.4,25.0,21.8
HTI,Haiti,Latin America and the Caribbean,Lower Middle Income,2012,2012,22.0,23.5,20.5
HTI,Haiti,Latin America and the Caribbean,Lower Middle Income,2016-17,2017,21.9,24.0,19.9
HND,Honduras,Latin America and the Caribbean,Lower Middle Income,1987,1987,43.3,,
HND,Honduras,Latin America and the Caribbean,Lower Middle Income,1991-92,1991,42.7,43.4,42.0
HND,Honduras,Latin America and the Caribbean,Lower Middle Income,1993-94,1994,45.7,,
HND,Honduras,Latin America and the Caribbean,Lower Middle Income,1996,1996,43.3,42.9,43.7
HND,Honduras,Latin America and the Caribbean,Lower Middle Income,2001,2001,35.5,37.5,33.4
HND,Honduras,Latin America and the Caribbean,Lower Middle Income,2005-06,2006,29.8,31.4,28.2
HND,Honduras,Latin America and the Caribbean,Lower Middle Income,2011-12,2012,22.6,24.3,20.8
HND,Honduras,Latin America and the Caribbean,Lower Middle Income,2019,2019,18.7,19.2,18.2
IND,India,Asia,Lower Middle Income,1988-90,1989,62.7,,
IND,India,Asia,Lower Middle Income,1991-92,1991,61.9,,
IND,India,Asia,Lower Middle Income,1992-93,1992,57.1,58.4,55.8
IND,India,Asia,Lower Middle Income,1996-97,1997,45.9,,
IND,India,Asia,Lower Middle Income,1998-00,1999,51.0,51.1,50.8
IND,India,Asia,Lower Middle Income,2005-06,2006,47.8,47.8,47.8
IND,India,Asia,Lower Middle Income,2013-14,2014,38.7,39.5,37.9
IND,India,Asia,Lower Middle Income,2015-16,2015,37.9,38.3,37.5
IND,India,Asia,Lower Middle Income,2016-18,2017,34.7,35.4,34.0
IND,India,Asia,Lower Middle Income,2019-21,2020,35.5,36.2,34.6
IDN,Indonesia,Asia,Lower Middle Income,1996,1996,48.1,,
IDN,Indonesia,Asia,Lower Middle Income,2000,2000,42.3,43.7,41.0
IDN,Indonesia,Asia,Lower Middle Income,2001,2001,41.6,43.2,40.0
IDN,Indonesia,Asia,Lower Middle Income,2004,2004,28.6,29.8,27.4
IDN,Indonesia,Asia,Lower Middle Income,2007,2007,40.1,41.3,38.8
IDN,Indonesia,Asia,Lower Middle Income,2010,2010,39.2,40.8,37.6
IDN,Indonesia,Asia,Lower Middle Income,2013,2013,36.4,37.2,35.5
IDN,Indonesia,Asia,Lower Middle Income,2018,2018,30.8,31.7,29.7
IRN,Iran (Islamic Republic of),Asia,Lower Middle Income,1995,1995,24.4,,
IRN,Iran (Islamic Republic of),Asia,Lower Middle Income,1998,1998,20.4,,
IRN,Iran (Islamic Republic of),Asia,Lower Middle Income,2004,2004,7.1,,
IRN,Iran (Islamic Republic of),Asia,Lower Middle Income,2010-11,2010,6.8,7.0,6.6
IRN,Iran (Islamic Republic of),Asia,Lower Middle Income,2017,2017,4.8,4.9,4.8
IRQ,Iraq,Asia,Upper Middle Income,1991,1991,27.6,,
IRQ,Iraq,Asia,Upper Middle Income,2000,2000,28.1,28.8,27.4
IRQ,Iraq,Asia,Upper Middle Income,2003,2003,33.7,,
IRQ,Iraq,Asia,Upper Middle Income,2004,2004,20.0,,
IRQ,Iraq,Asia,Upper Middle Income,2006,2006,27.5,28.7,26.2
IRQ,Iraq,Asia,Upper Middle Income,2011,2011,22.1,22.8,21.3
IRQ,Iraq,Asia,Upper Middle Income,2018,2018,12.6,12.3,13.0
JAM,Jamaica,Latin America and the Caribbean,Upper Middle Income,1989,1989,12.0,16.1,7.9
JAM,Jamaica,Latin America and the Caribbean,Upper Middle Income,1991-92,1991,11.8,17.0,6.5
JAM,Jamaica,Latin America and the Caribbean,Upper Middle Income,1992-93,1992,14.4,16.0,12.7
JAM,Jamaica,Latin America and the Caribbean,Upper Middle Income,1993-94,1993,12.6,14.1,11.2
JAM,Jamaica,Latin America and the Caribbean,Upper Middle Income,1994-95,1994,12.1,13.9,10.3
JAM,Jamaica,Latin America and the Caribbean,Upper Middle Income,1995,1995,9.7,11.7,7.7
JAM,Jamaica,Latin America and the Caribbean,Upper Middle Income,1996,1996,11.2,13.8,8.6
JAM,Jamaica,Latin America and the Caribbean,Upper Middle Income,1997,1997,8.7,10.9,6.7
JAM,Jamaica,Latin America and the Caribbean,Upper Middle Income,1998,1998,9.5,13.3,6.2
JAM,Jamaica,Latin America and the Caribbean,Upper Middle Income,1999,1999,5.7,7.3,4.1
JAM,Jamaica,Latin America and the Caribbean,Upper Middle Income,2000,2000,7.2,10.2,3.6
JAM,Jamaica,Latin America and the Caribbean,Upper Middle Income,2001,2001,6.6,10.0,2.8
JAM,Jamaica,Latin America and the Caribbean,Upper Middle Income,2002,2002,8.2,9.3,7.1
JAM,Jamaica,Latin America and the Caribbean,Upper Middle Income,2004,2004,4.9,6.1,3.7
JAM,Jamaica,Latin America and the Caribbean,Upper Middle Income,2006,2006,7.5,6.3,8.8
JAM,Jamaica,Latin America and the Caribbean,Upper Middle Income,2007,2007,5.4,5.6,5.2
JAM,Jamaica,Latin America and the Caribbean,Upper Middle Income,2008-09,2008,6.9,9.4,4.5
JAM,Jamaica,Latin America and the Caribbean,Upper Middle Income,2010,2010,6.0,6.9,5.0
JAM,Jamaica,Latin America and the Caribbean,Upper Middle Income,2012,2012,6.8,7.1,6.5
JAM,Jamaica,Latin America and the Caribbean,Upper Middle Income,2014,2014,6.0,7.0,4.9
JAM,Jamaica,Latin America and the Caribbean,Upper Middle Income,2016,2016,9.3,9.5,9.0
JAM,Jamaica,Latin America and the Caribbean,Upper Middle Income,2018-19,2018,4.6,7.0,2.3
JPN,Japan,Asia,High Income,2010,2010,7.1,7.6,6.5
JOR,Jordan,Asia,Upper Middle Income,1990,1990,20.0,21.3,18.6
JOR,Jordan,Asia,Upper Middle Income,1997,1997,11.1,11.8,10.3
JOR,Jordan,Asia,Upper Middle Income,2002,2002,11.7,11.5,11.8
JOR,Jordan,Asia,Upper Middle Income,2009,2009,8.2,7.9,8.5
JOR,Jordan,Asia,Upper Middle Income,2012,2012,7.8,9.3,6.2
JOR,Jordan,Asia,Upper Middle Income,2019,2019,7.4,7.0,7.9
KAZ,Kazakhstan,Asia,Upper Middle Income,1995,1995,18.9,23.1,15.4
KAZ,Kazakhstan,Asia,Upper Middle Income,1999,1999,13.2,13.6,12.8
KAZ,Kazakhstan,Asia,Upper Middle Income,2006,2006,17.5,17.9,16.9
KAZ,Kazakhstan,Asia,Upper Middle Income,2010-11,2010,13.1,13.2,13.0
KAZ,Kazakhstan,Asia,Upper Middle Income,2015,2015,8.0,7.7,8.3
KEN,Kenya,Africa,Lower Middle Income,1985-89,1987,37.0,,
KEN,Kenya,Africa,Lower Middle Income,1993,1993,40.2,43.8,36.5
KEN,Kenya,Africa,Lower Middle Income,1994,1994,41.1,43.2,38.9
KEN,Kenya,Africa,Lower Middle Income,1998,1998,36.8,41.2,32.2
KEN,Kenya,Africa,Lower Middle Income,2000,2000,40.8,44.3,37.2
KEN,Kenya,Africa,Lower Middle Income,2003,2003,35.8,39.6,32.1
KEN,Kenya,Africa,Lower Middle Income,2005-06,2005,40.3,44.5,36.2
KEN,Kenya,Africa,Lower Middle Income,2008-09,2008,35.5,37.4,33.4
KEN,Kenya,Africa,Lower Middle Income,2011,2011,26.3,27.4,26.0
KEN,Kenya,Africa,Lower Middle Income,2014,2014,26.2,29.9,22.4
KEN,Kenya,Africa,Lower Middle Income,2015-16,2016,29.7,33.0,26.4
KEN,Kenya,Africa,Lower Middle Income,2022,2022,17.6,19.6,15.6
KIR,Kiribati,Oceania,Lower Middle Income,1985,1985,34.4,,
KIR,Kiribati,Oceania,Lower Middle Income,2018-19,2018,15.2,16.4,14.0
KWT,Kuwait,Asia,High Income,1996-97,1996,5.0,,
KWT,Kuwait,Asia,High Income,2001,2001,4.0,4.5,3.4
KWT,Kuwait,Asia,High Income,2002,2002,3.6,4.4,2.7
KWT,Kuwait,Asia,High Income,2003,2003,3.9,4.7,3.2
KWT,Kuwait,Asia,High Income,2004,2004,4.1,4.0,4.2
KWT,Kuwait,Asia,High Income,2005,2005,4.5,5.1,3.8
KWT,Kuwait,Asia,High Income,2006,2006,4.6,4.3,4.9
KWT,Kuwait,Asia,High Income,2007,2007,5.1,5.9,4.3
KWT,Kuwait,Asia,High Income,2008,2008,5.1,5.2,5.0
KWT,Kuwait,Asia,High Income,2009,2009,3.8,4.2,3.4
KWT,Kuwait,Asia,High Income,2010,2010,4.1,4.5,3.6
KWT,Kuwait,Asia,High Income,2011,2011,4.0,4.4,3.7
KWT,Kuwait,Asia,High Income,2012,2012,4.3,4.1,4.4
KWT,Kuwait,Asia,High Income,2013,2013,4.8,5.1,4.6
KWT,Kuwait,Asia,High Income,2014,2014,5.8,7.3,4.5
KWT,Kuwait,Asia,High Income,2015,2015,5.2,5.6,4.8
KWT,Kuwait,Asia,High Income,2016,2016,6.3,6.6,6.0
KWT,Kuwait,Asia,High Income,2017,2017,5.8,6.8,4.7
KWT,Kuwait,Asia,High Income,2018,2018,7.5,8.4,6.5
KWT,Kuwait,Asia,High Income,2019,2019,6.0,6.4,5.5
KWT,Kuwait,Asia,High Income,2020,2020,6.4,7.4,5.3
KGZ,Kyrgyzstan,Asia,Lower Middle Income,1997,1997,32.4,35.4,29.3
KGZ,Kyrgyzstan,Asia,Lower Middle Income,2005-06,2006,18.1,18.7,17.5
KGZ,Kyrgyzstan,Asia,Lower Middle Income,2009,2009,22.6,23.1,22.1
KGZ,Kyrgyzstan,Asia,Lower Middle Income,2012,2012,17.9,20.2,15.4
KGZ,Kyrgyzstan,Asia,Lower Middle Income,2014,2014,12.9,13.8,12.0
KGZ,Kyrgyzstan,Asia,Lower Middle Income,2018,2018,11.8,12.5,10.9
LAO,Lao People's Democratic Republic,Asia,Lower Middle Income,1993,1993,53.6,,
LAO,Lao People's Democratic Republic,Asia,Lower Middle Income,1994,1994,52.9,,
LAO,Lao People's Democratic Republic,Asia,Lower Middle Income,2000,2000,47.5,48.9,46.2
LAO,Lao People's Democratic Republic,Asia,Lower Middle Income,2006,2006,47.7,48.3,47.0
LAO,Lao People's Democratic Republic,Asia,Lower Middle Income,2011-12,2011,44.2,45.7,42.6
LAO,Lao People's Democratic Republic,Asia,Lower Middle Income,2015,2015,35.5,37.4,33.5
LAO,Lao People's Democratic Republic,Asia,Lower Middle Income,2017,2017,33.1,34.0,32.1
LVA,Latvia,Europe,High Income,2020-21,2021,0.5,1.0,0.0
LBN,Lebanon,Asia,Lower Middle Income,2004,2004,16.5,16.0,17.0
LBN,Lebanon,Asia,Lower Middle Income,2021,2021,7.0,7.1,6.9
LSO,Lesotho,Africa,Lower Middle Income,1992,1992,39.2,,
LSO,Lesotho,Africa,Lower Middle Income,1993,1993,37.5,,
LSO,Lesotho,Africa,Lower Middle Income,2004-05,2004,44.7,47.4,41.9
LSO,Lesotho,Africa,Lower Middle Income,2009-10,2009,39.3,43.5,35.2
LSO,Lesotho,Africa,Lower Middle Income,2014,2014,33.4,39.1,28.1
LSO,Lesotho,Africa,Lower Middle Income,2018,2018,34.6,36.6,32.7
LBR,Liberia,Africa,Low Income,1999-00,2000,45.3,48.9,41.5
LBR,Liberia,Africa,Low Income,2006-07,2007,39.6,42.2,36.8
LBR,Liberia,Africa,Low Income,2010,2010,39.0,41.9,35.9
LBR,Liberia,Africa,Low Income,2013,2013,32.1,34.7,29.0
LBR,Liberia,Africa,Low Income,2016,2016,30.1,32.3,28.0
LBR,Liberia,Africa,Low Income,2019-20,2019,29.8,31.8,27.9
LBY,Libya,Africa,Upper Middle Income,1995,1995,21.1,23.0,19.3
LBY,Libya,Africa,Upper Middle Income,2007,2007,21.0,22.2,19.6
LBY,Libya,Africa,Upper Middle Income,2014,2014,38.1,39.3,36.9
LTU,Lithuania,Europe,High Income,2021,2021,4.1,4.1,4.0
MDG,Madagascar,Africa,Low Income,1992,1992,60.5,63.7,57.2
MDG,Madagascar,Africa,Low Income,1993-94,1993,54.1,,
MDG,Madagascar,Africa,Low Income,1995,1995,55.2,,
MDG,Madagascar,Africa,Low Income,1997,1997,55.0,59.1,51.0
MDG,Madagascar,Africa,Low Income,2003-04,2004,52.7,54.3,51.1
MDG,Madagascar,Africa,Low Income,2008-09,2009,49.4,51.5,47.2
MDG,Madagascar,Africa,Low Income,2012-13,2012,48.9,51.5,46.3
MDG,Madagascar,Africa,Low Income,2018,2018,41.6,44.6,38.5
MDG,Madagascar,Africa,Low Income,2021,2021,39.8,43.6,36.1
MWI,Malawi,Africa,Low Income,1992,1992,55.4,57.8,53.1
MWI,Malawi,Africa,Low Income,1995,1995,53.8,,
MWI,Malawi,Africa,Low Income,1997-98,1998,62.3,64.8,59.9
MWI,Malawi,Africa,Low Income,2000,2000,54.7,56.7,52.7
MWI,Malawi,Africa,Low Income,2002,2002,58.3,61.3,55.5
MWI,Malawi,Africa,Low Income,2004-05,2004,52.5,55.1,50.0
MWI,Malawi,Africa,Low Income,2006,2006,53.1,55.3,50.9
MWI,Malawi,Africa,Low Income,2009,2009,48.8,52.4,45.6
MWI,Malawi,Africa,Low Income,2010,2010,47.3,51.3,43.5
MWI,Malawi,Africa,Low Income,2013-14,2014,42.4,45.7,39.1
MWI,Malawi,Africa,Low Income,2015-16,2015,37.4,39.3,35.6
MWI,Malawi,Africa,Low Income,2015-16,2016,34.7,35.6,33.7
MWI,Malawi,Africa,Low Income,2016,2016,44.2,47.6,41.0
MWI,Malawi,Africa,Low Income,2016,2016,38.3,41.5,35.3
MWI,Malawi,Africa,Low Income,2017,2017,39.3,43.5,35.2
MWI,Malawi,Africa,Low Income,2018,2018,39.0,41.4,36.6
MWI,Malawi,Africa,Low Income,2019,2019,40.9,44.1,37.8
MWI,Malawi,Africa,Low Income,2019-20,2020,35.5,39.3,31.8
MWI,Malawi,Africa,Low Income,2020,2020,34.9,37.4,32.4
MYS,Malaysia,Asia,Upper Middle Income,1999,1999,20.7,,
MYS,Malaysia,Asia,Upper Middle Income,2006,2006,17.5,17.8,17.3
MYS,Malaysia,Asia,Upper Middle Income,2015,2015,17.7,17.8,17.6
MYS,Malaysia,Asia,Upper Middle Income,2016,2016,20.7,22.2,19.2
MYS,Malaysia,Asia,Upper Middle Income,2019,2019,21.8,20.2,23.5
MDV,Maldives,Asia,Upper Middle Income,1994,1994,36.1,36.6,35.5
MDV,Maldives,Asia,Upper Middle Income,1995,1995,33.0,,
MDV,Maldives,Asia,Upper Middle Income,1997-98,1997,46.7,53.5,41.0
MDV,Maldives,Asia,Upper Middle Income,2001,2001,31.9,32.6,31.0
MDV,Maldives,Asia,Upper Middle Income,2009,2009,19.0,20.4,17.4
MDV,Maldives,Asia,Upper Middle Income,2016-17,2017,15.3,16.3,14.2
MLI,Mali,Africa,Low Income,1987,1987,32.8,34.5,30.9
MLI,Mali,Africa,Low Income,1995-96,1996,36.2,39.0,33.5
MLI,Mali,Africa,Low Income,2001,2001,42.5,43.8,41.2
MLI,Mali,Africa,Low Income,2006,2006,37.6,39.9,35.3
MLI,Mali,Africa,Low Income,2009-10,2010,27.8,29.9,25.6
MLI,Mali,Africa,Low Income,2011,2011,27.9,30.1,25.6
MLI,Mali,Africa,Low Income,2014,2014,28.1,31.1,24.9
MLI,Mali,Africa,Low Income,2015,2015,29.0,30.9,27.0
MLI,Mali,Africa,Low Income,2015,2015,30.4,32.9,27.8
MLI,Mali,Africa,Low Income,2016,2016,26.4,28.4,24.3
MLI,Mali,Africa,Low Income,2017,2017,24.6,28.0,20.9
MLI,Mali,Africa,Low Income,2018,2018,24.2,26.5,21.8
MLI,Mali,Africa,Low Income,2018,2018,26.9,28.0,25.7
MLI,Mali,Africa,Low Income,2019,2019,26.4,29.0,23.7
MLI,Mali,Africa,Low Income,2020,2020,23.0,25.4,20.5
MLI,Mali,Africa,Low Income,2021,2021,22.1,24.8,19.4
MLI,Mali,Africa,Low Income,2022,2022,21.8,24.9,18.7
MHL,Marshall Islands,Oceania,Upper Middle Income,2017,2017,34.8,39.3,30.0
MRT,Mauritania,Africa,Lower Middle Income,1988,1988,40.2,,
MRT,Mauritania,Africa,Lower Middle Income,1995-96,1996,49.8,,
MRT,Mauritania,Africa,Lower Middle Income,2000-01,2000,38.6,38.8,38.3
MRT,Mauritania,Africa,Lower Middle Income,2007,2007,31.5,33.0,29.9
MRT,Mauritania,Africa,Lower Middle Income,2008,2008,23.6,26.4,20.5
MRT,Mauritania,Africa,Lower Middle Income,2011,2011,29.7,31.2,28.2
MRT,Mauritania,Africa,Lower Middle Income,2012,2012,23.2,25.7,20.6
MRT,Mauritania,Africa,Lower Middle Income,2015,2015,27.9,29.6,26.2
MRT,Mauritania,Africa,Lower Middle Income,2018,2018,22.8,25.5,20.1
MRT,Mauritania,Africa,Lower Middle Income,2019,2019,19.4,22.3,16.4
MRT,Mauritania,Africa,Lower Middle Income,2019-21,2020,25.8,27.1,24.5
MRT,Mauritania,Africa,Lower Middle Income,2021,2021,17.4,19.7,15.0
MRT,Mauritania,Africa,Lower Middle Income,2022,2022,25.1,27.6,22.5
MUS,Mauritius,Africa,Upper Middle Income,1985,1985,27.3,,
MUS,Mauritius,Africa,Upper Middle Income,1995,1995,13.6,,
MEX,Mexico,Latin America and the Caribbean,Upper Middle Income,1988,1988,26.9,26.9,26.8
MEX,Mexico,Latin America and the Caribbean,Upper Middle Income,1989,1989,26.0,,
MEX,Mexico,Latin America and the Caribbean,Upper Middle Income,1996,1996,25.8,,
MEX,Mexico,Latin America and the Caribbean,Upper Middle Income,1998-99,1998,21.4,22.9,19.8
MEX,Mexico,Latin America and the Caribbean,Upper Middle Income,2002,2002,18.9,20.5,17.4
MEX,Mexico,Latin America and the Caribbean,Upper Middle Income,2005-06,2006,19.4,21.0,17.7
MEX,Mexico,Latin America and the Caribbean,Upper Middle Income,2005-06,2006,15.5,16.0,14.9
MEX,Mexico,Latin America and the Caribbean,Upper Middle Income,2011-12,2012,13.6,15.2,12.1
MEX,Mexico,Latin America and the Caribbean,Upper Middle Income,2015,2015,12.4,13.0,11.8
MEX,Mexico,Latin America and the Caribbean,Upper Middle Income,2016,2016,10.0,10.7,9.3
MEX,Mexico,Latin America and the Caribbean,Upper Middle Income,2018-19,2019,14.1,14.2,14.0
MEX,Mexico,Latin America and the Caribbean,Upper Middle Income,2020,2020,13.9,14.3,13.6
MEX,Mexico,Latin America and the Caribbean,Upper Middle Income,2021,2021,12.8,13.2,12.3
MNG,Mongolia,Asia,Lower Middle Income,1992,1992,33.1,,
MNG,Mongolia,Asia,Lower Middle Income,1999,1999,30.1,32.3,27.9
MNG,Mongolia,Asia,Lower Middle Income,2000,2000,29.8,31.4,28.1
MNG,Mongolia,Asia,Lower Middle Income,2004,2004,23.5,27.1,19.3
MNG,Mongolia,Asia,Lower Middle Income,2005,2005,27.5,29.2,25.6
MNG,Mongolia,Asia,Lower Middle Income,2010,2010,15.5,16.4,14.6
MNG,Mongolia,Asia,Lower Middle Income,2010,2010,15.3,17.1,13.5
MNG,Mongolia,Asia,Lower Middle Income,2013,2013,10.8,11.1,10.5
MNG,Mongolia,Asia,Lower Middle Income,2016,2016,7.3,9.0,5.6
MNG,Mongolia,Asia,Lower Middle Income,2018,2018,9.4,10.9,7.8
MNE,Montenegro,Europe,Upper Middle Income,2005-06,2005,7.9,8.4,7.5
MNE,Montenegro,Europe,Upper Middle Income,2013,2013,9.4,10.3,8.4
MNE,Montenegro,Europe,Upper Middle Income,2018-19,2018,7.2,6.2,8.5
MAR,Morocco,Africa,Lower Middle Income,1987,1987,31.0,32.2,29.8
MAR,Morocco,Africa,Lower Middle Income,1992,1992,30.1,31.2,29.1
MAR,Morocco,Africa,Lower Middle Income,1996-97,1997,28.9,30.9,26.9
MAR,Morocco,Africa,Lower Middle Income,2003-04,2003,23.1,24.4,21.8
MAR,Morocco,Africa,Lower Middle Income,2010-11,2011,14.9,15.9,13.9
MAR,Morocco,Africa,Lower Middle Income,2017-18,2017,15.1,17.4,12.6
MAR,Morocco,Africa,Lower Middle Income,2019-20,2019,14.2,14.9,13.7
MOZ,Mozambique,Africa,Low Income,1995,1995,59.9,,
MOZ,Mozambique,Africa,Low Income,1997,1997,42.6,45.3,39.8
MOZ,Mozambique,Africa,Low Income,2000-01,2001,50.7,54.4,47.2
MOZ,Mozambique,Africa,Low Income,2003-04,2003,46.9,49.4,44.5
MOZ,Mozambique,Africa,Low Income,2008,2008,43.5,46.7,40.5
MOZ,Mozambique,Africa,Low Income,2011,2011,42.9,45.1,40.8
MOZ,Mozambique,Africa,Low Income,2014-15,2015,42.3,46.8,38.0
MOZ,Mozambique,Africa,Low Income,2019-20,2020,37.5,40.5,34.5
MMR,Myanmar,Asia,Lower Middle Income,1991,1991,53.6,,
MMR,Myanmar,Asia,Lower Middle Income,1994,1994,58.7,,
MMR,Myanmar,Asia,Lower Middle Income,1997,1997,55.4,,
MMR,Myanmar,Asia,Lower Middle Income,2000,2000,40.8,42.0,39.6
MMR,Myanmar,Asia,Lower Middle Income,2003,2003,42.7,43.4,42.0
MMR,Myanmar,Asia,Lower Middle Income,2009-10,2009,35.1,36.7,33.4
MMR,Myanmar,Asia,Lower Middle Income,2015-16,2016,29.4,31.1,27.5
MMR,Myanmar,Asia,Lower Middle Income,2017-18,2018,26.7,26.7,26.8
NAM,Namibia,Africa,Upper Middle Income,1992,1992,35.6,39.3,32.0
NAM,Namibia,Africa,Upper Middle Income,2000,2000,29.3,30.1,28.5
NAM,Namibia,Africa,Upper Middle Income,2006-07,2007,29.2,31.6,26.7
NAM,Namibia,Africa,Upper Middle Income,2013,2013,22.7,25.1,20.4
NRU,Nauru,Oceania,High Income,2007,2007,24.0,22.1,25.8
NPL,Nepal,Asia,Lower Middle Income,1995,1995,68.2,,
NPL,Nepal,Asia,Lower Middle Income,1996,1996,55.6,56.2,54.9
NPL,Nepal,Asia,Lower Middle Income,1997-98,1998,61.1,62.6,59.5
NPL,Nepal,Asia,Lower Middle Income,2001,2001,56.1,55.8,56.3
NPL,Nepal,Asia,Lower Middle Income,2006,2006,49.1,49.0,49.3
NPL,Nepal,Asia,Lower Middle Income,2011,2011,40.1,41.0,39.1
NPL,Nepal,Asia,Lower Middle Income,2014,2014,37.1,36.1,38.2
NPL,Nepal,Asia,Lower Middle Income,2016,2016,37.2,39.7,34.3
NPL,Nepal,Asia,Lower Middle Income,2016-17,2016,36.1,36.1,36.0
NPL,Nepal,Asia,Lower Middle Income,2019,2019,31.5,32.9,30.0
NPL,Nepal,Asia,Lower Middle Income,2022,2022,24.8,24.7,25.0
NLD,Netherlands (Kingdom of the),Europe,High Income,1996-97,1996,1.3,1.5,1.1
NLD,Netherlands (Kingdom of the),Europe,High Income,2008-09,2009,1.5,1.6,1.3
NIC,Nicaragua,Latin America and the Caribbean,Lower Middle Income,1993,1993,29.6,31.2,27.9
NIC,Nicaragua,Latin America and the Caribbean,Lower Middle Income,1997-98,1998,30.5,32.2,28.8
NIC,Nicaragua,Latin America and the Caribbean,Lower Middle Income,2001,2001,25.1,26.8,23.3
NIC,Nicaragua,Latin America and the Caribbean,Lower Middle Income,2003-05,2004,18.8,21.5,16.2
NIC,Nicaragua,Latin America and the Caribbean,Lower Middle Income,2006-07,2007,23.1,24.2,22.0
NIC,Nicaragua,Latin America and the Caribbean,Lower Middle Income,2011-12,2012,17.3,18.2,16.4
NER,Niger,Africa,Low Income,1985,1985,43.8,,
NER,Niger,Africa,Low Income,1992,1992,45.3,47.5,42.9
NER,Niger,Africa,Low Income,1998,1998,46.5,48.8,44.0
NER,Niger,Africa,Low Income,2000,2000,53.5,55.6,51.2
NER,Niger,Africa,Low Income,2006,2006,54.8,56.9,52.5
NER,Niger,Africa,Low Income,2006,2006,51.0,52.2,49.7
NER,Niger,Africa,Low Income,2007,2007,49.2,50.6,47.7
NER,Niger,Africa,Low Income,2008,2008,43.8,44.9,42.6
NER,Niger,Africa,Low Income,2009,2009,45.5,47.1,43.9
NER,Niger,Africa,Low Income,2010,2010,47.8,49.9,45.6
NER,Niger,Africa,Low Income,2010,2010,47.4,48.8,45.9
NER,Niger,Africa,Low Income,2011,2011,50.9,52.9,49.0
NER,Niger,Africa,Low Income,2012,2012,43.5,45.4,41.7
NER,Niger,Africa,Low Income,2012,2012,39.9,42.5,37.1
NER,Niger,Africa,Low Income,2013,2013,42.5,44.4,40.6
NER,Niger,Africa,Low Income,2014,2014,42.2,44.6,39.9
NER,Niger,Africa,Low Income,2015,2015,46.4,48.4,44.3
NER,Niger,Africa,Low Income,2016,2016,41.3,42.8,39.8
NER,Niger,Africa,Low Income,2018,2018,48.5,50.5,46.5
NER,Niger,Africa,Low Income,2019,2019,47.1,49.6,44.5
NER,Niger,Africa,Low Income,2020,2020,45.3,47.8,42.8
NER,Niger,Africa,Low Income,2021,2021,44.4,46.1,42.9
NER,Niger,Africa,Low Income,2022,2022,47.7,50.4,45.0
NGA,Nigeria,Africa,Lower Middle Income,1990,1990,48.7,49.7,47.7
NGA,Nigeria,Africa,Lower Middle Income,1993,1993,43.8,,
NGA,Nigeria,Africa,Lower Middle Income,2003,2003,42.5,45.7,39.4
NGA,Nigeria,Africa,Lower Middle Income,2011,2011,35.8,36.8,34.9
NGA,Nigeria,Africa,Lower Middle Income,2014,2014,33.6,35.4,31.7
NGA,Nigeria,Africa,Lower Middle Income,2015,2015,33.0,35.6,30.4
NGA,Nigeria,Africa,Lower Middle Income,2016-17,2016,43.6,45.7,41.4
NGA,Nigeria,Africa,Lower Middle Income,2018,2018,33.1,35.9,30.2
NGA,Nigeria,Africa,Lower Middle Income,2018,2018,36.8,39.4,34.1
NGA,Nigeria,Africa,Lower Middle Income,2019-20,2020,31.5,36.1,26.9
MKD,North Macedonia,Europe,Upper Middle Income,1999,1999,8.0,9.6,6.3
MKD,North Macedonia,Europe,Upper Middle Income,2005,2005,11.3,13.3,9.2
MKD,North Macedonia,Europe,Upper Middle Income,2011,2011,4.9,5.6,4.3
MKD,North Macedonia,Europe,Upper Middle Income,2018-19,2019,4.3,4.5,4.0
OMN,Oman,Asia,High Income,1991,1991,24.2,,
OMN,Oman,Asia,High Income,1994-95,1994,21.4,26.2,16.4
OMN,Oman,Asia,High Income,1999,1999,15.8,16.8,14.8
OMN,Oman,Asia,High Income,2008-09,2009,9.8,11.3,8.5
OMN,Oman,Asia,High Income,2014,2014,14.1,16.2,12.0
OMN,Oman,Asia,High Income,2016-17,2017,11.4,12.7,10.0
PAK,Pakistan,Asia,Lower Middle Income,1985-87,1986,62.5,,
PAK,Pakistan,Asia,Lower Middle Income,1990-91,1991,53.9,56.2,51.6
PAK,Pakistan,Asia,Lower Middle Income,1990-94,1992,42.7,43.2,42.1
PAK,Pakistan,Asia,Lower Middle Income,2001,2001,41.4,42.1,40.6
PAK,Pakistan,Asia,Lower Middle Income,2011,2011,43.6,44.2,42.9
PAK,Pakistan,Asia,Lower Middle Income,2012-13,2013,45.0,48.2,41.8
PAK,Pakistan,Asia,Lower Middle Income,2017-18,2018,37.6,38.2,37.1
PAN,Panama,Latin America and the Caribbean,High Income,1997,1997,16.8,18.6,15.1
PAN,Panama,Latin America and the Caribbean,High Income,2003,2003,23.7,25.2,22.1
PAN,Panama,Latin America and the Caribbean,High Income,2008,2008,19.0,19.5,18.6
PAN,Panama,Latin America and the Caribbean,High Income,2019,2019,15.9,17.6,13.9
PNG,Papua New Guinea,Oceania,Lower Middle Income,1982-83,1983,46.0,,
PNG,Papua New Guinea,Oceania,Lower Middle Income,2005,2005,43.9,47.4,39.6
PNG,Papua New Guinea,Oceania,Lower Middle Income,2009-11,2010,49.5,50.9,47.9
PRY,Paraguay,Latin America and the Caribbean,Upper Middle Income,1990,1990,18.3,20.3,16.3
PRY,Paraguay,Latin America and the Caribbean,Upper Middle Income,2005,2005,17.1,19.0,15.1
PRY,Paraguay,Latin America and the Caribbean,Upper Middle Income,2011-12,2012,10.7,11.2,10.1
PRY,Paraguay,Latin America and the Caribbean,Upper Middle Income,2016,2016,5.6,6.7,4.4
PER,Peru,Latin America and the Caribbean,Upper Middle Income,1991-92,1991,37.3,39.1,35.5
PER,Peru,Latin America and the Caribbean,Upper Middle Income,1996,1996,31.6,32.9,30.3
PER,Peru,Latin America and the Caribbean,Upper Middle Income,2000,2000,31.3,32.5,30.1
PER,Peru,Latin America and the Caribbean,Upper Middle Income,2005,2005,29.2,32.7,25.6
PER,Peru,Latin America and the Caribbean,Upper Middle Income,2007-08,2007,28.0,29.9,26.0
PER,Peru,Latin America and the Caribbean,Upper Middle Income,2009,2009,23.9,24.8,22.9
PER,Peru,Latin America and the Caribbean,Upper Middle Income,2010,2010,23.3,25.1,21.5
PER,Peru,Latin America and the Caribbean,Upper Middle Income,2009-11,2010,20.8,20.7,20.9
PER,Peru,Latin America and the Caribbean,Upper Middle Income,2011,2011,19.5,20.1,19.0
PER,Peru,Latin America and the Caribbean,Upper Middle Income,2011-12,2012,19.0,19.9,18.1
PER,Peru,Latin America and the Caribbean,Upper Middle Income,2012,2012,18.4,18.8,17.9
PER,Peru,Latin America and the Caribbean,Upper Middle Income,2013,2013,17.6,18.5,16.6
PER,Peru,Latin America and the Caribbean,Upper Middle Income,2014,2014,14.8,15.9,13.6
PER,Peru,Latin America and the Caribbean,Upper Middle Income,2015,2015,14.7,15.6,13.7
PER,Peru,Latin America and the Caribbean,Upper Middle Income,2016,2016,13.1,13.9,12.2
PER,Peru,Latin America and the Caribbean,Upper Middle Income,2017,2017,12.8,13.8,11.9
PER,Peru,Latin America and the Caribbean,Upper Middle Income,2018,2018,12.2,12.4,11.9
PER,Peru,Latin America and the Caribbean,Upper Middle Income,2019,2019,12.2,12.8,11.6
PER,Peru,Latin America and the Caribbean,Upper Middle Income,2020-21,2020,11.4,12.1,10.7
PER,Peru,Latin America and the Caribbean,Upper Middle Income,2021,2021,11.5,12.5,10.5
PHL,Philippines,Asia,Lower Middle Income,1987,1987,44.7,,
PHL,Philippines,Asia,Lower Middle Income,1989-90,1990,43.3,,
PHL,Philippines,Asia,Lower Middle Income,1992,1992,40.9,,
PHL,Philippines,Asia,Lower Middle Income,1993,1993,38.9,,
PHL,Philippines,Asia,Lower Middle Income,1998,1998,38.3,,
PHL,Philippines,Asia,Lower Middle Income,2003,2003,33.8,35.5,31.9
PHL,Philippines,Asia,Lower Middle Income,2008-09,2008,32.0,33.2,30.8
PHL,Philippines,Asia,Lower Middle Income,2011,2011,33.4,34.5,32.2
PHL,Philippines,Asia,Lower Middle Income,2013-14,2013,30.0,31.1,28.9
PHL,Philippines,Asia,Lower Middle Income,2015,2015,33.1,33.9,32.1
POL,Poland,Europe,High Income,2009,2009,2.9,,
POL,Poland,Europe,High Income,2010-12,2011,0.8,0.6,1.0
POL,Poland,Europe,High Income,2014,2014,2.6,,
PRT,Portugal,Europe,High Income,2015-16,2016,3.2,3.1,3.5
QAT,Qatar,Asia,High Income,1995,1995,11.6,,
KOR,Republic of Korea,Asia,High Income,2003,2003,2.5,2.4,2.5
KOR,Republic of Korea,Asia,High Income,2010-12,2011,1.3,1.9,0.8
KOR,Republic of Korea,Asia,High Income,2013-15,2014,1.6,2.4,0.7
KOR,Republic of Korea,Asia,High Income,2016-18,2017,2.3,3.2,1.3
KOR,Republic of Korea,Asia,High Income,2019-21,2020,0.9,0.8,0.9
MDA,Republic of Moldova,Europe,Upper Middle Income,2005,2005,10.7,10.5,10.8
MDA,Republic of Moldova,Europe,Upper Middle Income,2012,2012,6.4,5.8,7.0
ROU,Romania,Europe,High Income,1991,1991,11.2,,
ROU,Romania,Europe,High Income,1999,1999,15.3,17.6,12.8
ROU,Romania,Europe,High Income,2000,2000,12.8,14.8,10.8
ROU,Romania,Europe,High Income,2001,2001,14.0,16.1,11.7
ROU,Romania,Europe,High Income,2002,2002,12.8,14.4,11.1
RWA,Rwanda,Africa,Low Income,1992,1992,56.8,59.4,54.1
RWA,Rwanda,Africa,Low Income,1996,1996,45.4,,
RWA,Rwanda,Africa,Low Income,2000,2000,47.9,50.6,45.4
RWA,Rwanda,Africa,Low Income,2005,2005,51.4,52.7,50.1
RWA,Rwanda,Africa,Low Income,2009,2009,46.6,,
RWA,Rwanda,Africa,Low Income,2010-11,2010,44.3,47.5,41.1
RWA,Rwanda,Africa,Low Income,2012,2012,43.8,46.6,41.1
RWA,Rwanda,Africa,Low Income,2014-15,2015,38.3,43.0,33.5
RWA,Rwanda,Africa,Low Income,2015,2015,36.9,41.0,33.0
RWA,Rwanda,Africa,Low Income,2018,2018,34.8,38.0,31.6
RWA,Rwanda,Africa,Low Income,2019-20,2020,33.1,37.0,29.2
LCA,Saint Lucia,Latin America and the Caribbean,Upper Middle Income,2012,2012,2.5,4.0,1.0
WSM,Samoa,Oceania,Lower Middle Income,1999,1999,6.4,,
WSM,Samoa,Oceania,Lower Middle Income,2014,2014,4.9,5.6,4.1
WSM,Samoa,Oceania,Lower Middle Income,2019-20,2019,7.3,7.6,6.9
STP,Sao Tome and Principe,Africa,Lower Middle Income,1986,1986,32.0,,
STP,Sao Tome and Principe,Africa,Lower Middle Income,2014,2014,17.2,20.5,14.0
STP,Sao Tome and Principe,Africa,Lower Middle Income,2019,2019,11.7,13.0,10.4
SAU,Saudi Arabia,Asia,High Income,1994,1994,21.4,,
SAU,Saudi Arabia,Asia,High Income,2004-05,2004,9.3,10.8,7.8
SAU,Saudi Arabia,Asia,High Income,2015,2015,13.7,,
SAU,Saudi Arabia,Asia,High Income,2016,2016,17.1,,
SAU,Saudi Arabia,Asia,High Income,2017,2017,17.2,18.9,15.2
SAU,Saudi Arabia,Asia,High Income,2018,2018,11.6,13.8,9.2
SAU,Saudi Arabia,Asia,High Income,2019,2019,13.2,16.4,9.9
SAU,Saudi Arabia,Asia,High Income,2020,2020,10.8,13.6,8.0
SEN,Senegal,Africa,Lower Middle Income,1986,1986,28.4,31.7,25.1
SEN,Senegal,Africa,Lower Middle Income,1991-92,1991,34.4,,
SEN,Senegal,Africa,Lower Middle Income,1992-93,1993,29.8,32.4,27.3
SEN,Senegal,Africa,Lower Middle Income,1996,1996,28.8,,
SEN,Senegal,Africa,Lower Middle Income,2000,2000,26.0,29.1,22.8
SEN,Senegal,Africa,Lower Middle Income,2005,2005,19.9,20.9,18.9
SEN,Senegal,Africa,Lower Middle Income,2010-11,2011,26.7,28.2,25.1
SEN,Senegal,Africa,Lower Middle Income,2012,2012,15.5,17.3,13.6
SEN,Senegal,Africa,Lower Middle Income,2012-13,2013,18.8,20.6,16.9
SEN,Senegal,Africa,Lower Middle Income,2013,2013,16.5,17.9,15.0
SEN,Senegal,Africa,Lower Middle Income,2014,2014,18.8,20.4,17.1
SEN,Senegal,Africa,Lower Middle Income,2014,2014,14.2,15.3,13.1
SEN,Senegal,Africa,Lower Middle Income,2015,2015,20.7,22.7,18.6
SEN,Senegal,Africa,Lower Middle Income,2015,2015,17.5,19.5,15.5
SEN,Senegal,Africa,Lower Middle Income,2016,2016,17.1,19.4,14.7
SEN,Senegal,Africa,Lower Middle Income,2017,2017,16.5,18.0,15.0
SEN,Senegal,Africa,Lower Middle Income,2018,2018,18.8,21.7,15.9
SEN,Senegal,Africa,Lower Middle Income,2019,2019,18.8,20.7,16.9
SEN,Senegal,Africa,Lower Middle Income,2019,2019,17.9,18.9,16.8
SRB,Serbia,Europe,Upper Middle Income,2005-06,2005,8.1,8.2,8.0
SRB,Serbia,Europe,Upper Middle Income,2010,2010,6.6,5.9,7.2
SRB,Serbia,Europe,Upper Middle Income,2014,2014,6.0,6.8,5.1
SRB,Serbia,Europe,Upper Middle Income,2019,2019,5.4,7.4,3.1
SYC,Seychelles,Africa,High Income,1987-88,1988,7.7,,
SYC,Seychelles,Africa,High Income,2012,2012,7.9,8.9,7.0
SLE,Sierra Leone,Africa,Low Income,1989,1989,41.4,,
SLE,Sierra Leone,Africa,Low Income,1990,1990,40.9,,
SLE,Sierra Leone,Africa,Low Income,2000,2000,35.5,39.0,31.9
SLE,Sierra Leone,Africa,Low Income,2005,2005,45.0,47.3,42.8
SLE,Sierra Leone,Africa,Low Income,2010,2010,32.7,36.2,29.1
SLE,Sierra Leone,Africa,Low Income,2014,2014,29.1,32.7,25.5
SLE,Sierra Leone,Africa,Low Income,2017,2017,31.0,33.7,28.3
SLE,Sierra Leone,Africa,Low Income,2017,2017,29.3,33.1,25.6
SLE,Sierra Leone,Africa,Low Income,2019,2019,29.5,32.1,26.8
SLE,Sierra Leone,Africa,Low Income,2021,2021,26.3,29.1,23.6
SGP,Singapore,Asia,High Income,2000,2000,4.5,5.0,3.9
SLB,Solomon Islands,Oceania,Lower Middle Income,1989,1989,33.7,35.5,31.7
SLB,Solomon Islands,Oceania,Lower Middle Income,2006-07,2007,32.8,36.7,28.8
SLB,Solomon Islands,Oceania,Lower Middle Income,2015,2015,31.7,33.7,29.6
SOM,Somalia,Africa,Low Income,1999,1999,29.2,,
SOM,Somalia,Africa,Low Income,2006,2006,42.0,42.8,41.2
SOM,Somalia,Africa,Low Income,2009,2009,25.3,27.7,22.7
ZAF,South Africa,Africa,Upper Middle Income,1994-95,1994,28.7,,
ZAF,South Africa,Africa,Upper Middle Income,1999,1999,30.1,,
ZAF,South Africa,Africa,Upper Middle Income,2008,2008,24.9,26.5,23.3
ZAF,South Africa,Africa,Upper Middle Income,2014-15,2015,21.4,24.7,18.1
ZAF,South Africa,Africa,Upper Middle Income,2016,2016,27.4,29.8,25.0
ZAF,South Africa,Africa,Upper Middle Income,2017,2017,21.4,25.0,17.8
SSD,South Sudan,Africa,Low Income,2006,2006,36.2,39.3,32.9
SSD,South Sudan,Africa,Low Income,2010,2010,31.3,33.4,29.1
LKA,Sri Lanka,Asia,Lower Middle Income,1987,1987,31.3,31.9,30.5
LKA,Sri Lanka,Asia,Lower Middle Income,1993,1993,28.7,28.1,29.4
LKA,Sri Lanka,Asia,Lower Middle Income,1995,1995,26.1,,
LKA,Sri Lanka,Asia,Lower Middle Income,2000,2000,18.3,17.3,19.4
LKA,Sri Lanka,Asia,Lower Middle Income,2006-07,2007,18.1,18.8,17.3
LKA,Sri Lanka,Asia,Lower Middle Income,2009,2009,19.2,19.8,18.7
LKA,Sri Lanka,Asia,Lower Middle Income,2012,2012,14.6,14.8,14.5
LKA,Sri Lanka,Asia,Lower Middle Income,2016,2016,17.3,17.9,16.6
PSE,State of Palestine,Asia,Lower Middle Income,1996,1996,7.8,7.2,8.4
PSE,State of Palestine,Asia,Lower Middle Income,2000,2000,10.7,10.2,11.1
PSE,State of Palestine,Asia,Lower Middle Income,2002,2002,11.4,11.3,11.5
PSE,State of Palestine,Asia,Lower Middle Income,2004,2004,10.5,10.5,10.4
PSE,State of Palestine,Asia,Lower Middle Income,2006-07,2006,13.6,14.5,12.6
PSE,State of Palestine,Asia,Lower Middle Income,2010,2010,10.9,11.9,10.0
PSE,State of Palestine,Asia,Lower Middle Income,2014,2014,7.4,8.1,6.6
PSE,State of Palestine,Asia,Lower Middle Income,2019-20,2020,8.7,8.6,8.8
SDN,Sudan,Africa,Low Income,2006,2006,38.3,40.0,36.6
SDN,Sudan,Africa,Low Income,2010,2010,34.1,36.3,31.8
SDN,Sudan,Africa,Low Income,2014,2014,38.2,40.3,36.1
SUR,Suriname,Latin America and the Caribbean,Upper Middle Income,1999-00,2000,14.1,16.9,11.0
SUR,Suriname,Latin America and the Caribbean,Upper Middle Income,2006,2006,10.6,11.5,9.8
SUR,Suriname,Latin America and the Caribbean,Upper Middle Income,2010,2010,8.8,9.9,7.6
SUR,Suriname,Latin America and the Caribbean,Upper Middle Income,2018,2018,8.3,10.1,6.5
SYR,Syrian Arab Republic,Asia,Low Income,1993,1993,32.8,34.5,31.2
SYR,Syrian Arab Republic,Asia,Low Income,1995,1995,26.5,,
SYR,Syrian Arab Republic,Asia,Low Income,2000,2000,24.3,,
SYR,Syrian Arab Republic,Asia,Low Income,2001,2001,31.7,33.5,29.8
SYR,Syrian Arab Republic,Asia,Low Income,2006,2006,28.7,30.1,27.1
SYR,Syrian Arab Republic,Asia,Low Income,2009-10,2010,27.9,28.9,26.8
TJK,Tajikistan,Asia,Lower Middle Income,1999,1999,41.5,,
TJK,Tajikistan,Asia,Lower Middle Income,2000,2000,42.1,,
TJK,Tajikistan,Asia,Lower Middle Income,2001,2001,43.2,,
TJK,Tajikistan,Asia,Lower Middle Income,2002,2002,37.1,,
TJK,Tajikistan,Asia,Lower Middle Income,2003,2003,42.4,,
TJK,Tajikistan,Asia,Lower Middle Income,2005,2005,33.1,35.4,30.7
TJK,Tajikistan,Asia,Lower Middle Income,2007,2007,39.3,40.6,37.8
TJK,Tajikistan,Asia,Lower Middle Income,2009,2009,28.8,30.8,26.7
TJK,Tajikistan,Asia,Lower Middle Income,2012,2012,26.9,26.4,27.3
TJK,Tajikistan,Asia,Lower Middle Income,2016,2016,19.6,20.5,18.7
TJK,Tajikistan,Asia,Lower Middle Income,2017,2017,17.5,17.9,17.2
THA,Thailand,Asia,Upper Middle Income,1987,1987,25.8,27.4,24.1
THA,Thailand,Asia,Upper Middle Income,1993,1993,21.1,,
THA,Thailand,Asia,Upper Middle Income,1995,1995,18.1,,
THA,Thailand,Asia,Upper Middle Income,2005-06,2006,15.7,16.4,14.9
THA,Thailand,Asia,Upper Middle Income,2012-13,2012,16.4,16.5,16.3
THA,Thailand,Asia,Upper Middle Income,2015-16,2016,10.5,11.5,9.4
THA,Thailand,Asia,Upper Middle Income,2019,2019,13.4,15.2,11.4
TLS,Timor-Leste,Asia,Lower Middle Income,2002,2002,55.7,58.4,53.0
TLS,Timor-Leste,Asia,Lower Middle Income,2003,2003,54.8,,
TLS,Timor-Leste,Asia,Lower Middle Income,2007-08,2007,57.2,56.9,57.4
TLS,Timor-Leste,Asia,Lower Middle Income,2009-10,2009,57.5,59.5,55.6
TLS,Timor-Leste,Asia,Lower Middle Income,2013,2013,51.7,54.6,48.5
TLS,Timor-Leste,Asia,Lower Middle Income,2014-15,2014,53.9,56.3,51.5
TLS,Timor-Leste,Asia,Lower Middle Income,2020,2020,46.7,48.6,44.7
TGO,Togo,Africa,Low Income,1988,1988,36.9,40.5,33.2
TGO,Togo,Africa,Low Income,1996,1996,40.2,,
TGO,Togo,Africa,Low Income,1998,1998,28.8,33.4,24.4
TGO,Togo,Africa,Low Income,2006,2006,29.9,32.4,27.4
TGO,Togo,Africa,Low Income,2008,2008,26.9,28.4,25.2
TGO,Togo,Africa,Low Income,2009,2009,27.0,29.3,24.6
TGO,Togo,Africa,Low Income,2010,2010,29.8,31.5,27.9
TGO,Togo,Africa,Low Income,2010,2010,27.0,28.8,25.3
TGO,Togo,Africa,Low Income,2012,2012,26.2,29.4,22.9
TGO,Togo,Africa,Low Income,2013-14,2014,27.6,28.2,26.9
TGO,Togo,Africa,Low Income,2017,2017,23.8,26.2,21.3
TON,Tonga,Oceania,Upper Middle Income,1986,1986,2.2,,
TON,Tonga,Oceania,Upper Middle Income,2012,2012,8.1,9.1,7.0
TON,Tonga,Oceania,Upper Middle Income,2019,2019,2.2,2.5,1.8
TTO,Trinidad and Tobago,Latin America and the Caribbean,High Income,1987,1987,5.7,6.1,5.3
TTO,Trinidad and Tobago,Latin America and the Caribbean,High Income,2000,2000,5.3,6.9,3.6
TTO,Trinidad and Tobago,Latin America and the Caribbean,High Income,2011,2011,9.2,12.2,6.4
TUN,Tunisia,Africa,Lower Middle Income,1988,1988,20.5,20.9,20.2
TUN,Tunisia,Africa,Lower Middle Income,1996-97,1997,11.9,,
TUN,Tunisia,Africa,Lower Middle Income,2000,2000,16.8,,
TUN,Tunisia,Africa,Lower Middle Income,2006,2006,9.0,9.9,8.0
TUN,Tunisia,Africa,Lower Middle Income,2011-12,2012,10.1,11.3,8.8
TUN,Tunisia,Africa,Lower Middle Income,2018,2018,8.4,8.0,8.8
TKM,Turkmenistan,Asia,Upper Middle Income,2000,2000,27.2,29.6,24.8
TKM,Turkmenistan,Asia,Upper Middle Income,2006,2006,18.9,20.7,16.9
TKM,Turkmenistan,Asia,Upper Middle Income,2015-16,2015,11.5,11.5,11.4
TKM,Turkmenistan,Asia,Upper Middle Income,2019,2019,7.2,7.4,6.9
TCA,Turks and Caicos Islands,Latin America and the Caribbean,High Income,2019-20,2020,4.6,1.8,7.0
TUV,Tuvalu,Oceania,Upper Middle Income,2007,2007,10.0,9.9,10.1
TUV,Tuvalu,Oceania,Upper Middle Income,2019-20,2019,5.7,5.7,5.6
TUR,Trkiye,Asia,Upper Middle Income,1993,1993,23.6,24.7,22.4
TUR,Trkiye,Asia,Upper Middle Income,1998,1998,18.8,19.4,18.2
TUR,Trkiye,Asia,Upper Middle Income,2003-04,2004,15.2,14.2,16.4
TUR,Trkiye,Asia,Upper Middle Income,2008,2008,12.5,12.4,12.8
TUR,Trkiye,Asia,Upper Middle Income,2013-14,2013,10.0,11.1,8.7
TUR,Trkiye,Asia,Upper Middle Income,2018-19,2018,6.0,6.1,5.8
UGA,Uganda,Africa,Low Income,1988-89,1988,47.7,51.7,43.8
UGA,Uganda,Africa,Low Income,1995,1995,45.2,48.9,41.8
UGA,Uganda,Africa,Low Income,2000-01,2000,44.9,47.5,42.3
UGA,Uganda,Africa,Low Income,2006,2006,38.4,40.9,35.8
UGA,Uganda,Africa,Low Income,2009-10,2009,38.2,42.4,33.7
UGA,Uganda,Africa,Low Income,2010-11,2011,38.5,43.2,33.5
UGA,Uganda,Africa,Low Income,2011,2011,33.5,37.2,29.7
UGA,Uganda,Africa,Low Income,2011-12,2012,33.7,35.5,32.2
UGA,Uganda,Africa,Low Income,2013-14,2014,34.0,36.4,31.5
UGA,Uganda,Africa,Low Income,2015-16,2015,30.4,32.7,28.4
UGA,Uganda,Africa,Low Income,2016,2016,28.9,30.9,26.9
UGA,Uganda,Africa,Low Income,2018-19,2018,23.9,30.6,17.9
UGA,Uganda,Africa,Low Income,2019-20,2020,25.4,30.6,21.0
UKR,Ukraine,Europe,Lower Middle Income,2000,2000,22.9,22.9,22.8
TZA,United Republic of Tanzania,Africa,Lower Middle Income,1991-92,1991,49.9,52.7,47.2
TZA,United Republic of Tanzania,Africa,Lower Middle Income,1996,1996,49.6,52.6,46.5
TZA,United Republic of Tanzania,Africa,Lower Middle Income,1999,1999,48.3,50.9,45.7
TZA,United Republic of Tanzania,Africa,Lower Middle Income,2004-05,2004,44.4,47.0,41.9
TZA,United Republic of Tanzania,Africa,Lower Middle Income,2008-09,2009,43.2,45.8,40.8
TZA,United Republic of Tanzania,Africa,Lower Middle Income,2009-10,2010,42.1,45.6,38.6
TZA,United Republic of Tanzania,Africa,Lower Middle Income,2010-11,2011,35.0,35.7,34.3
TZA,United Republic of Tanzania,Africa,Lower Middle Income,2012-13,2013,37.4,40.3,34.5
TZA,United Republic of Tanzania,Africa,Lower Middle Income,2014,2014,34.7,37.9,31.4
TZA,United Republic of Tanzania,Africa,Lower Middle Income,2015-16,2015,34.5,36.7,32.2
TZA,United Republic of Tanzania,Africa,Lower Middle Income,2018,2018,31.8,34.1,29.4
TZA,United Republic of Tanzania,Africa,Lower Middle Income,2019-20,2019,38.6,37.8,39.3
TZA,United Republic of Tanzania,Africa,Lower Middle Income,2022,2022,30.0,33.3,26.6
USA,United States,Northern America,High Income,1988-94,1991,3.1,3.1,3.1
USA,United States,Northern America,High Income,1999-00,2000,3.2,3.7,2.6
USA,United States,Northern America,High Income,2001-02,2002,3.1,4.2,2.0
USA,United States,Northern America,High Income,2003-04,2004,2.9,2.9,2.8
USA,United States,Northern America,High Income,2005-06,2006,3.1,4.6,1.5
USA,United States,Northern America,High Income,2007-08,2008,2.3,3.1,1.5
USA,United States,Northern America,High Income,2009-10,2010,2.8,2.8,2.8
USA,United States,Northern America,High Income,2011-12,2012,2.2,3.1,1.3
USA,United States,Northern America,High Income,2013-14,2014,2.4,2.6,2.2
USA,United States,Northern America,High Income,2015-16,2016,3.5,4.6,2.5
USA,United States,Northern America,High Income,2017-18,2018,3.4,2.8,4.1
URY,Uruguay,Latin America and the Caribbean,High Income,1987,1987,21.0,,
URY,Uruguay,Latin America and the Caribbean,High Income,1999,1999,15.3,18.2,12.3
URY,Uruguay,Latin America and the Caribbean,High Income,2002,2002,14.7,15.8,13.5
URY,Uruguay,Latin America and the Caribbean,High Income,2003,2003,17.2,19.4,14.9
URY,Uruguay,Latin America and the Caribbean,High Income,2004,2004,13.9,16.1,11.7
URY,Uruguay,Latin America and the Caribbean,High Income,2007,2007,11.8,13.4,10.2
URY,Uruguay,Latin America and the Caribbean,High Income,2010-11,2011,11.7,13.2,10.3
URY,Uruguay,Latin America and the Caribbean,High Income,2013-14,2013,5.0,5.9,4.1
URY,Uruguay,Latin America and the Caribbean,High Income,2015-16,2016,10.8,10.2,11.4
URY,Uruguay,Latin America and the Caribbean,High Income,2018,2018,6.9,7.3,6.5
UZB,Uzbekistan,Asia,Lower Middle Income,1996,1996,37.2,41.4,32.8
UZB,Uzbekistan,Asia,Lower Middle Income,2002,2002,24.9,25.4,24.4
UZB,Uzbekistan,Asia,Lower Middle Income,2006,2006,19.6,19.5,19.7
UZB,Uzbekistan,Asia,Lower Middle Income,2017,2017,10.8,11.5,10.1
UZB,Uzbekistan,Asia,Lower Middle Income,2021,2021,6.5,6.0,7.1
VUT,Vanuatu,Oceania,Lower Middle Income,1996,1996,25.7,,
VUT,Vanuatu,Oceania,Lower Middle Income,2007-08,2008,25.7,30.7,20.1
VUT,Vanuatu,Oceania,Lower Middle Income,2013,2013,28.9,33.2,24.5
VEN,Venezuela (Bolivarian Republic of),Latin America and the Caribbean,Not Classified,1987,1987,7.0,,
VEN,Venezuela (Bolivarian Republic of),Latin America and the Caribbean,Not Classified,1990,1990,18.6,,
VEN,Venezuela (Bolivarian Republic of),Latin America and the Caribbean,Not Classified,1991,1991,18.2,,
VEN,Venezuela (Bolivarian Republic of),Latin America and the Caribbean,Not Classified,1992,1992,18.3,,
VEN,Venezuela (Bolivarian Republic of),Latin America and the Caribbean,Not Classified,1993,1993,17.4,,
VEN,Venezuela (Bolivarian Republic of),Latin America and the Caribbean,Not Classified,1994,1994,17.9,,
VEN,Venezuela (Bolivarian Republic of),Latin America and the Caribbean,Not Classified,1995,1995,18.9,,
VEN,Venezuela (Bolivarian Republic of),Latin America and the Caribbean,Not Classified,1996,1996,19.3,,
VEN,Venezuela (Bolivarian Republic of),Latin America and the Caribbean,Not Classified,1997,1997,19.9,,
VEN,Venezuela (Bolivarian Republic of),Latin America and the Caribbean,Not Classified,1998,1998,19.2,,
VEN,Venezuela (Bolivarian Republic of),Latin America and the Caribbean,Not Classified,1999,1999,18.3,,
VEN,Venezuela (Bolivarian Republic of),Latin America and the Caribbean,Not Classified,2000,2000,17.4,,
VEN,Venezuela (Bolivarian Republic of),Latin America and the Caribbean,Not Classified,2001,2001,17.3,,
VEN,Venezuela (Bolivarian Republic of),Latin America and the Caribbean,Not Classified,2002,2002,17.6,,
VEN,Venezuela (Bolivarian Republic of),Latin America and the Caribbean,Not Classified,2003,2003,17.7,,
VEN,Venezuela (Bolivarian Republic of),Latin America and the Caribbean,Not Classified,2004,2004,17.1,,
VEN,Venezuela (Bolivarian Republic of),Latin America and the Caribbean,Not Classified,2005,2005,16.2,,
VEN,Venezuela (Bolivarian Republic of),Latin America and the Caribbean,Not Classified,2006,2006,16.2,,
VEN,Venezuela (Bolivarian Republic of),Latin America and the Caribbean,Not Classified,2007,2007,15.6,,
VEN,Venezuela (Bolivarian Republic of),Latin America and the Caribbean,Not Classified,2008,2008,14.6,,
VEN,Venezuela (Bolivarian Republic of),Latin America and the Caribbean,Not Classified,2009,2009,13.4,,
VNM,Viet Nam,Asia,Lower Middle Income,1987-89,1988,61.3,,
VNM,Viet Nam,Asia,Lower Middle Income,1992-93,1993,61.5,61.7,61.3
VNM,Viet Nam,Asia,Lower Middle Income,1994,1994,52.5,,
VNM,Viet Nam,Asia,Lower Middle Income,1998,1998,42.1,,
VNM,Viet Nam,Asia,Lower Middle Income,1999,1999,43.8,45.5,42.1
VNM,Viet Nam,Asia,Lower Middle Income,2000,2000,42.1,44.4,38.7
VNM,Viet Nam,Asia,Lower Middle Income,2000,2000,43.2,43.7,42.5
VNM,Viet Nam,Asia,Lower Middle Income,2002,2002,37.5,38.8,36.1
VNM,Viet Nam,Asia,Lower Middle Income,2003,2003,35.4,37.0,33.8
VNM,Viet Nam,Asia,Lower Middle Income,2004,2004,33.7,35.3,31.9
VNM,Viet Nam,Asia,Lower Middle Income,2005,2005,33.3,34.9,31.7
VNM,Viet Nam,Asia,Lower Middle Income,2006,2006,31.7,33.0,30.3
VNM,Viet Nam,Asia,Lower Middle Income,2007,2007,31.7,33.5,29.8
VNM,Viet Nam,Asia,Lower Middle Income,2008,2008,30.8,32.4,29.1
VNM,Viet Nam,Asia,Lower Middle Income,2009-10,2009,29.3,31.5,27.1
VNM,Viet Nam,Asia,Lower Middle Income,2010-11,2010,22.7,23.7,21.6
VNM,Viet Nam,Asia,Lower Middle Income,2011,2011,27.5,,
VNM,Viet Nam,Asia,Lower Middle Income,2012,2012,26.7,,
VNM,Viet Nam,Asia,Lower Middle Income,2013,2013,25.9,,
VNM,Viet Nam,Asia,Lower Middle Income,2014,2014,24.9,,
VNM,Viet Nam,Asia,Lower Middle Income,2015,2015,24.6,,
VNM,Viet Nam,Asia,Lower Middle Income,2016,2016,24.3,,
VNM,Viet Nam,Asia,Lower Middle Income,2017,2017,23.8,,
VNM,Viet Nam,Asia,Lower Middle Income,2018,2018,23.2,,
VNM,Viet Nam,Asia,Lower Middle Income,2019,2019,22.4,,
VNM,Viet Nam,Asia,Lower Middle Income,2019-20,2020,19.6,18.6,20.6
VNM,Viet Nam,Asia,Lower Middle Income,2020,2020,19.5,,
YEM,Yemen,Asia,Low Income,1991-92,1991,50.4,45.4,54.6
YEM,Yemen,Asia,Low Income,1996,1996,50.4,,
YEM,Yemen,Asia,Low Income,1997,1997,55.2,56.7,53.5
YEM,Yemen,Asia,Low Income,2003,2003,57.3,57.6,57.0
YEM,Yemen,Asia,Low Income,2005-06,2005,57.0,58.4,55.5
YEM,Yemen,Asia,Low Income,2011,2011,46.6,47.0,46.2
YEM,Yemen,Asia,Low Income,2013,2013,46.4,47.5,45.3
ZMB,Zambia,Africa,Low Income,1992,1992,46.3,49.6,43.1
ZMB,Zambia,Africa,Low Income,1995,1995,58.1,,
ZMB,Zambia,Africa,Low Income,1996-97,1996,48.6,50.1,47.1
ZMB,Zambia,Africa,Low Income,1999,1999,59.2,59.6,58.8
ZMB,Zambia,Africa,Low Income,2001-02,2002,52.5,54.3,50.8
ZMB,Zambia,Africa,Low Income,2007,2007,45.8,48.8,42.9
ZMB,Zambia,Africa,Low Income,2013-14,2013,40.0,42.4,37.7
ZMB,Zambia,Africa,Low Income,2018-19,2018,34.6,38.3,31.0
ZWE,Zimbabwe,Africa,Lower Middle Income,1988-89,1988,31.0,33.1,28.8
ZWE,Zimbabwe,Africa,Lower Middle Income,1994,1994,28.9,31.0,26.8
ZWE,Zimbabwe,Africa,Lower Middle Income,1999,1999,33.8,35.7,31.9
ZWE,Zimbabwe,Africa,Lower Middle Income,2005-06,2005,35.3,38.4,32.3
ZWE,Zimbabwe,Africa,Lower Middle Income,2009,2009,35.1,37.8,32.4
ZWE,Zimbabwe,Africa,Lower Middle Income,2010-11,2010,32.2,36.0,28.5
ZWE,Zimbabwe,Africa,Lower Middle Income,2014,2014,27.6,31.1,24.1
ZWE,Zimbabwe,Africa,Lower Middle Income,2015,2015,27.1,30.0,24.2
ZWE,Zimbabwe,Africa,Lower Middle Income,2019,2019,23.5,26.7,20.4
